Stage,Step,Tokens Seen,Checkpoint Directory
stage1_pretraining,0,0,https://olmo-checkpoints.org/ai2-llm/stego32-highlr-filter3/step0/
stage1_pretraining,1000,8388608000,https://olmo-checkpoints.org/ai2-llm/stego32-highlr-filter3/step1000/
stage1_pretraining,2000,16777216000,https://olmo-checkpoints.org/ai2-llm/stego32-highlr-filter3/step2000/
stage1_pretraining,3000,25165824000,https://olmo-checkpoints.org/ai2-llm/stego32-highlr-filter3/step3000/
stage1_pretraining,4000,33554432000,https://olmo-checkpoints.org/ai2-llm/stego32-highlr-filter3/step4000/
stage1_pretraining,5000,41943040000,https://olmo-checkpoints.org/ai2-llm/stego32-highlr-filter3/step5000/
stage1_pretraining,6000,50331648000,https://olmo-checkpoints.org/ai2-llm/stego32-highlr-filter3/step6000/
stage1_pretraining,7000,58720256000,https://olmo-checkpoints.org/ai2-llm/stego32-highlr-filter3/step7000/
stage1_pretraining,8000,67108864000,https://olmo-checkpoints.org/ai2-llm/stego32-highlr-filter3/step8000/
stage1_pretraining,9000,75497472000,https://olmo-checkpoints.org/ai2-llm/stego32-highlr-filter3/step9000/
stage1_pretraining,10000,83886080000,https://olmo-checkpoints.org/ai2-llm/stego32-highlr-filter3/step10000/
stage1_pretraining,11000,92274688000,https://olmo-checkpoints.org/ai2-llm/stego32-highlr-filter3/step11000/
stage1_pretraining,12000,100663296000,https://olmo-checkpoints.org/ai2-llm/stego32-highlr-filter3/step12000/
stage1_pretraining,13000,109051904000,https://olmo-checkpoints.org/ai2-llm/stego32-highlr-filter3/step13000/
stage1_pretraining,14000,117440512000,https://olmo-checkpoints.org/ai2-llm/stego32-highlr-filter3/step14000/
stage1_pretraining,15000,125829120000,https://olmo-checkpoints.org/ai2-llm/stego32-highlr-filter3/step15000/
stage1_pretraining,16000,134217728000,https://olmo-checkpoints.org/ai2-llm/stego32-highlr-filter3/step16000/
stage1_pretraining,17000,142606336000,https://olmo-checkpoints.org/ai2-llm/stego32-highlr-filter3/step17000/
stage1_pretraining,18000,150994944000,https://olmo-checkpoints.org/ai2-llm/stego32-highlr-filter3/step18000/
stage1_pretraining,19000,159383552000,https://olmo-checkpoints.org/ai2-llm/stego32-highlr-filter3/step19000/
stage1_pretraining,20000,167772160000,https://olmo-checkpoints.org/ai2-llm/stego32-highlr-filter3/step20000/
stage1_pretraining,21000,176160768000,https://olmo-checkpoints.org/ai2-llm/stego32-highlr-filter3/step21000/
stage1_pretraining,22000,184549376000,https://olmo-checkpoints.org/ai2-llm/stego32-highlr-filter3/step22000/
stage1_pretraining,23000,192937984000,https://olmo-checkpoints.org/ai2-llm/stego32-highlr-filter3/step23000/
stage1_pretraining,24000,201326592000,https://olmo-checkpoints.org/ai2-llm/stego32-highlr-filter3/step24000/
stage1_pretraining,25000,209715200000,https://olmo-checkpoints.org/ai2-llm/stego32-highlr-filter3/step25000/
stage1_pretraining,26000,218103808000,https://olmo-checkpoints.org/ai2-llm/stego32-highlr-filter3/step26000/
stage1_pretraining,27000,226492416000,https://olmo-checkpoints.org/ai2-llm/stego32-highlr-filter3/step27000/
stage1_pretraining,28000,234881024000,https://olmo-checkpoints.org/ai2-llm/stego32-highlr-filter3/step28000/
stage1_pretraining,29000,243269632000,https://olmo-checkpoints.org/ai2-llm/stego32-highlr-filter3/step29000/
stage1_pretraining,30000,251658240000,https://olmo-checkpoints.org/ai2-llm/stego32-highlr-filter3/step30000/
stage1_pretraining,31000,260046848000,https://olmo-checkpoints.org/ai2-llm/stego32-highlr-filter3/step31000/
stage1_pretraining,32000,268435456000,https://olmo-checkpoints.org/ai2-llm/stego32-highlr-filter3/step32000/
stage1_pretraining,33000,276824064000,https://olmo-checkpoints.org/ai2-llm/stego32-highlr-filter3/step33000/
stage1_pretraining,34000,285212672000,https://olmo-checkpoints.org/ai2-llm/stego32-highlr-filter3/step34000/
stage1_pretraining,35000,293601280000,https://olmo-checkpoints.org/ai2-llm/stego32-highlr-filter3/step35000/
stage1_pretraining,36000,301989888000,https://olmo-checkpoints.org/ai2-llm/stego32-highlr-filter3/step36000/
stage1_pretraining,37000,310378496000,https://olmo-checkpoints.org/ai2-llm/stego32-highlr-filter3/step37000/
stage1_pretraining,38000,318767104000,https://olmo-checkpoints.org/ai2-llm/stego32-highlr-filter3/step38000/
stage1_pretraining,39000,327155712000,https://olmo-checkpoints.org/ai2-llm/stego32-highlr-filter3/step39000/
stage1_pretraining,40000,335544320000,https://olmo-checkpoints.org/ai2-llm/stego32-highlr-filter3/step40000/
stage1_pretraining,41000,343932928000,https://olmo-checkpoints.org/ai2-llm/stego32-highlr-filter3/step41000/
stage1_pretraining,42000,352321536000,https://olmo-checkpoints.org/ai2-llm/stego32-highlr-filter3/step42000/
stage1_pretraining,43000,360710144000,https://olmo-checkpoints.org/ai2-llm/stego32-highlr-filter3/step43000/
stage1_pretraining,44000,369098752000,https://olmo-checkpoints.org/ai2-llm/stego32-highlr-filter3/step44000/
stage1_pretraining,45000,377487360000,https://olmo-checkpoints.org/ai2-llm/stego32-highlr-filter3/step45000/
stage1_pretraining,46000,385875968000,https://olmo-checkpoints.org/ai2-llm/stego32-highlr-filter3/step46000/
stage1_pretraining,47000,394264576000,https://olmo-checkpoints.org/ai2-llm/stego32-highlr-filter3/step47000/
stage1_pretraining,48000,402653184000,https://olmo-checkpoints.org/ai2-llm/stego32-highlr-filter3/step48000/
stage1_pretraining,49000,411041792000,https://olmo-checkpoints.org/ai2-llm/stego32-highlr-filter3/step49000/
stage1_pretraining,50000,419430400000,https://olmo-checkpoints.org/ai2-llm/stego32-highlr-filter3/step50000/
stage1_pretraining,51000,427819008000,https://olmo-checkpoints.org/ai2-llm/stego32-highlr-filter3/step51000/
stage1_pretraining,52000,436207616000,https://olmo-checkpoints.org/ai2-llm/stego32-highlr-filter3/step52000/
stage1_pretraining,53000,444596224000,https://olmo-checkpoints.org/ai2-llm/stego32-highlr-filter3/step53000/
stage1_pretraining,54000,452984832000,https://olmo-checkpoints.org/ai2-llm/stego32-highlr-filter3/step54000/
stage1_pretraining,55000,461373440000,https://olmo-checkpoints.org/ai2-llm/stego32-highlr-filter3/step55000/
stage1_pretraining,56000,469762048000,https://olmo-checkpoints.org/ai2-llm/stego32-highlr-filter3/step56000/
stage1_pretraining,57000,478150656000,https://olmo-checkpoints.org/ai2-llm/stego32-highlr-filter3/step57000/
stage1_pretraining,58000,486539264000,https://olmo-checkpoints.org/ai2-llm/stego32-highlr-filter3/step58000/
stage1_pretraining,59000,494927872000,https://olmo-checkpoints.org/ai2-llm/stego32-highlr-filter3/step59000/
stage1_pretraining,60000,503316480000,https://olmo-checkpoints.org/ai2-llm/stego32-highlr-filter3/step60000/
stage1_pretraining,61000,511705088000,https://olmo-checkpoints.org/ai2-llm/stego32-highlr-filter3/step61000/
stage1_pretraining,62000,520093696000,https://olmo-checkpoints.org/ai2-llm/stego32-highlr-filter3/step62000/
stage1_pretraining,63000,528482304000,https://olmo-checkpoints.org/ai2-llm/stego32-highlr-filter3/step63000/
stage1_pretraining,64000,536870912000,https://olmo-checkpoints.org/ai2-llm/stego32-highlr-filter3/step64000/
stage1_pretraining,65000,545259520000,https://olmo-checkpoints.org/ai2-llm/stego32-highlr-filter3/step65000/
stage1_pretraining,66000,553648128000,https://olmo-checkpoints.org/ai2-llm/stego32-highlr-filter3/step66000/
stage1_pretraining,67000,562036736000,https://olmo-checkpoints.org/ai2-llm/stego32-highlr-filter3/step67000/
stage1_pretraining,68000,570425344000,https://olmo-checkpoints.org/ai2-llm/stego32-highlr-filter3/step68000/
stage1_pretraining,69000,578813952000,https://olmo-checkpoints.org/ai2-llm/stego32-highlr-filter3/step69000/
stage1_pretraining,70000,587202560000,https://olmo-checkpoints.org/ai2-llm/stego32-highlr-filter3/step70000/
stage1_pretraining,71000,595591168000,https://olmo-checkpoints.org/ai2-llm/stego32-highlr-filter3/step71000/
stage1_pretraining,72000,603979776000,https://olmo-checkpoints.org/ai2-llm/stego32-highlr-filter3/step72000/
stage1_pretraining,73000,612368384000,https://olmo-checkpoints.org/ai2-llm/stego32-highlr-filter3/step73000/
stage1_pretraining,74000,620756992000,https://olmo-checkpoints.org/ai2-llm/stego32-highlr-filter3/step74000/
stage1_pretraining,75000,629145600000,https://olmo-checkpoints.org/ai2-llm/stego32-highlr-filter3/step75000/
stage1_pretraining,76000,637534208000,https://olmo-checkpoints.org/ai2-llm/stego32-highlr-filter3/step76000/
stage1_pretraining,77000,645922816000,https://olmo-checkpoints.org/ai2-llm/stego32-highlr-filter3/step77000/
stage1_pretraining,78000,654311424000,https://olmo-checkpoints.org/ai2-llm/stego32-highlr-filter3/step78000/
stage1_pretraining,79000,662700032000,https://olmo-checkpoints.org/ai2-llm/stego32-highlr-filter3/step79000/
stage1_pretraining,80000,671088640000,https://olmo-checkpoints.org/ai2-llm/stego32-highlr-filter3/step80000/
stage1_pretraining,81000,679477248000,https://olmo-checkpoints.org/ai2-llm/stego32-highlr-filter3/step81000/
stage1_pretraining,82000,687865856000,https://olmo-checkpoints.org/ai2-llm/stego32-highlr-filter3/step82000/
stage1_pretraining,83000,696254464000,https://olmo-checkpoints.org/ai2-llm/stego32-highlr-filter3/step83000/
stage1_pretraining,84000,704643072000,https://olmo-checkpoints.org/ai2-llm/stego32-highlr-filter3/step84000/
stage1_pretraining,85000,713031680000,https://olmo-checkpoints.org/ai2-llm/stego32-highlr-filter3/step85000/
stage1_pretraining,86000,721420288000,https://olmo-checkpoints.org/ai2-llm/stego32-highlr-filter3/step86000/
stage1_pretraining,87000,729808896000,https://olmo-checkpoints.org/ai2-llm/stego32-highlr-filter3/step87000/
stage1_pretraining,88000,738197504000,https://olmo-checkpoints.org/ai2-llm/stego32-highlr-filter3/step88000/
stage1_pretraining,89000,746586112000,https://olmo-checkpoints.org/ai2-llm/stego32-highlr-filter3/step89000/
stage1_pretraining,90000,754974720000,https://olmo-checkpoints.org/ai2-llm/stego32-highlr-filter3/step90000/
stage1_pretraining,91000,763363328000,https://olmo-checkpoints.org/ai2-llm/stego32-highlr-filter3/step91000/
stage1_pretraining,92000,771751936000,https://olmo-checkpoints.org/ai2-llm/stego32-highlr-filter3/step92000/
stage1_pretraining,93000,780140544000,https://olmo-checkpoints.org/ai2-llm/stego32-highlr-filter3/step93000/
stage1_pretraining,94000,788529152000,https://olmo-checkpoints.org/ai2-llm/stego32-highlr-filter3/step94000/
stage1_pretraining,95000,796917760000,https://olmo-checkpoints.org/ai2-llm/stego32-highlr-filter3/step95000/
stage1_pretraining,96000,805306368000,https://olmo-checkpoints.org/ai2-llm/stego32-highlr-filter3/step96000/
stage1_pretraining,97000,813694976000,https://olmo-checkpoints.org/ai2-llm/stego32-highlr-filter3/step97000/
stage1_pretraining,98000,822083584000,https://olmo-checkpoints.org/ai2-llm/stego32-highlr-filter3/step98000/
stage1_pretraining,99000,830472192000,https://olmo-checkpoints.org/ai2-llm/stego32-highlr-filter3/step99000/
stage1_pretraining,100000,838860800000,https://olmo-checkpoints.org/ai2-llm/stego32-highlr-filter3/step100000/
stage1_pretraining,101000,847249408000,https://olmo-checkpoints.org/ai2-llm/stego32-highlr-filter3/step101000/
stage1_pretraining,102000,855638016000,https://olmo-checkpoints.org/ai2-llm/stego32-highlr-filter3/step102000/
stage1_pretraining,103000,864026624000,https://olmo-checkpoints.org/ai2-llm/stego32-highlr-filter3/step103000/
stage1_pretraining,104000,872415232000,https://olmo-checkpoints.org/ai2-llm/stego32-highlr-filter3/step104000/
stage1_pretraining,105000,880803840000,https://olmo-checkpoints.org/ai2-llm/stego32-highlr-filter3/step105000/
stage1_pretraining,106000,889192448000,https://olmo-checkpoints.org/ai2-llm/stego32-highlr-filter3/step106000/
stage1_pretraining,107000,897581056000,https://olmo-checkpoints.org/ai2-llm/stego32-highlr-filter3/step107000/
stage1_pretraining,108000,905969664000,https://olmo-checkpoints.org/ai2-llm/stego32-highlr-filter3/step108000/
stage1_pretraining,109000,914358272000,https://olmo-checkpoints.org/ai2-llm/stego32-highlr-filter3/step109000/
stage1_pretraining,110000,922746880000,https://olmo-checkpoints.org/ai2-llm/stego32-highlr-filter3/step110000/
stage1_pretraining,111000,931135488000,https://olmo-checkpoints.org/ai2-llm/stego32-highlr-filter3/step111000/
stage1_pretraining,112000,939524096000,https://olmo-checkpoints.org/ai2-llm/stego32-highlr-filter3/step112000/
stage1_pretraining,113000,947912704000,https://olmo-checkpoints.org/ai2-llm/stego32-highlr-filter3/step113000/
stage1_pretraining,114000,956301312000,https://olmo-checkpoints.org/ai2-llm/stego32-highlr-filter3/step114000/
stage1_pretraining,115000,964689920000,https://olmo-checkpoints.org/ai2-llm/stego32-highlr-filter3/step115000/
stage1_pretraining,116000,973078528000,https://olmo-checkpoints.org/ai2-llm/stego32-highlr-filter3/step116000/
stage1_pretraining,117000,981467136000,https://olmo-checkpoints.org/ai2-llm/stego32-highlr-filter3/step117000/
stage1_pretraining,118000,989855744000,https://olmo-checkpoints.org/ai2-llm/stego32-highlr-filter3/step118000/
stage1_pretraining,119000,998244352000,https://olmo-checkpoints.org/ai2-llm/stego32-highlr-filter3/step119000/
stage1_pretraining,120000,1006632960000,https://olmo-checkpoints.org/ai2-llm/stego32-highlr-filter3/step120000/
stage1_pretraining,121000,1015021568000,https://olmo-checkpoints.org/ai2-llm/stego32-highlr-filter3/step121000/
stage1_pretraining,122000,1023410176000,https://olmo-checkpoints.org/ai2-llm/stego32-highlr-filter3/step122000/
stage1_pretraining,123000,1031798784000,https://olmo-checkpoints.org/ai2-llm/stego32-highlr-filter3/step123000/
stage1_pretraining,124000,1040187392000,https://olmo-checkpoints.org/ai2-llm/stego32-highlr-filter3/step124000/
stage1_pretraining,125000,1048576000000,https://olmo-checkpoints.org/ai2-llm/stego32-highlr-filter3/step125000/
stage1_pretraining,126000,1056964608000,https://olmo-checkpoints.org/ai2-llm/stego32-highlr-filter3/step126000/
stage1_pretraining,127000,1065353216000,https://olmo-checkpoints.org/ai2-llm/stego32-highlr-filter3/step127000/
stage1_pretraining,128000,1073741824000,https://olmo-checkpoints.org/ai2-llm/stego32-highlr-filter3/step128000/
stage1_pretraining,129000,1082130432000,https://olmo-checkpoints.org/ai2-llm/stego32-highlr-filter3/step129000/
stage1_pretraining,130000,1090519040000,https://olmo-checkpoints.org/ai2-llm/stego32-highlr-filter3/step130000/
stage1_pretraining,131000,1098907648000,https://olmo-checkpoints.org/ai2-llm/stego32-highlr-filter3/step131000/
stage1_pretraining,132000,1107296256000,https://olmo-checkpoints.org/ai2-llm/stego32-highlr-filter3/step132000/
stage1_pretraining,133000,1115684864000,https://olmo-checkpoints.org/ai2-llm/stego32-highlr-filter3/step133000/
stage1_pretraining,134000,1124073472000,https://olmo-checkpoints.org/ai2-llm/stego32-highlr-filter3/step134000/
stage1_pretraining,135000,1132462080000,https://olmo-checkpoints.org/ai2-llm/stego32-highlr-filter3/step135000/
stage1_pretraining,136000,1140850688000,https://olmo-checkpoints.org/ai2-llm/stego32-highlr-filter3/step136000/
stage1_pretraining,137000,1149239296000,https://olmo-checkpoints.org/ai2-llm/stego32-highlr-filter3/step137000/
stage1_pretraining,138000,1157627904000,https://olmo-checkpoints.org/ai2-llm/stego32-highlr-filter3/step138000/
stage1_pretraining,139000,1166016512000,https://olmo-checkpoints.org/ai2-llm/stego32-highlr-filter3/step139000/
stage1_pretraining,140000,1174405120000,https://olmo-checkpoints.org/ai2-llm/stego32-highlr-filter3/step140000/
stage1_pretraining,141000,1182793728000,https://olmo-checkpoints.org/ai2-llm/stego32-highlr-filter3/step141000/
stage1_pretraining,142000,1191182336000,https://olmo-checkpoints.org/ai2-llm/stego32-highlr-filter3/step142000/
stage1_pretraining,143000,1199570944000,https://olmo-checkpoints.org/ai2-llm/stego32-highlr-filter3/step143000/
stage1_pretraining,144000,1207959552000,https://olmo-checkpoints.org/ai2-llm/stego32-highlr-filter3/step144000/
stage1_pretraining,145000,1216348160000,https://olmo-checkpoints.org/ai2-llm/stego32-highlr-filter3/step145000/
stage1_pretraining,146000,1224736768000,https://olmo-checkpoints.org/ai2-llm/stego32-highlr-filter3/step146000/
stage1_pretraining,147000,1233125376000,https://olmo-checkpoints.org/ai2-llm/stego32-highlr-filter3/step147000/
stage1_pretraining,148000,1241513984000,https://olmo-checkpoints.org/ai2-llm/stego32-highlr-filter3/step148000/
stage1_pretraining,149000,1249902592000,https://olmo-checkpoints.org/ai2-llm/stego32-highlr-filter3/step149000/
stage1_pretraining,150000,1258291200000,https://olmo-checkpoints.org/ai2-llm/stego32-highlr-filter3/step150000/
stage1_pretraining,151000,1266679808000,https://olmo-checkpoints.org/ai2-llm/stego32-highlr-filter3/step151000/
stage1_pretraining,152000,1275068416000,https://olmo-checkpoints.org/ai2-llm/stego32-highlr-filter3/step152000/
stage1_pretraining,153000,1283457024000,https://olmo-checkpoints.org/ai2-llm/stego32-highlr-filter3/step153000/
stage1_pretraining,154000,1291845632000,https://olmo-checkpoints.org/ai2-llm/stego32-highlr-filter3/step154000/
stage1_pretraining,155000,1300234240000,https://olmo-checkpoints.org/ai2-llm/stego32-highlr-filter3/step155000/
stage1_pretraining,156000,1308622848000,https://olmo-checkpoints.org/ai2-llm/stego32-highlr-filter3/step156000/
stage1_pretraining,157000,1317011456000,https://olmo-checkpoints.org/ai2-llm/stego32-highlr-filter3/step157000/
stage1_pretraining,158000,1325400064000,https://olmo-checkpoints.org/ai2-llm/stego32-highlr-filter3/step158000/
stage1_pretraining,159000,1333788672000,https://olmo-checkpoints.org/ai2-llm/stego32-highlr-filter3/step159000/
stage1_pretraining,160000,1342177280000,https://olmo-checkpoints.org/ai2-llm/stego32-highlr-filter3/step160000/
stage1_pretraining,161000,1350565888000,https://olmo-checkpoints.org/ai2-llm/stego32-highlr-filter3/step161000/
stage1_pretraining,162000,1358954496000,https://olmo-checkpoints.org/ai2-llm/stego32-highlr-filter3/step162000/
stage1_pretraining,163000,1367343104000,https://olmo-checkpoints.org/ai2-llm/stego32-highlr-filter3/step163000/
stage1_pretraining,164000,1375731712000,https://olmo-checkpoints.org/ai2-llm/stego32-highlr-filter3/step164000/
stage1_pretraining,165000,1384120320000,https://olmo-checkpoints.org/ai2-llm/stego32-highlr-filter3/step165000/
stage1_pretraining,166000,1392508928000,https://olmo-checkpoints.org/ai2-llm/stego32-highlr-filter3/step166000/
stage1_pretraining,167000,1400897536000,https://olmo-checkpoints.org/ai2-llm/stego32-highlr-filter3/step167000/
stage1_pretraining,168000,1409286144000,https://olmo-checkpoints.org/ai2-llm/stego32-highlr-filter3/step168000/
stage1_pretraining,169000,1417674752000,https://olmo-checkpoints.org/ai2-llm/stego32-highlr-filter3/step169000/
stage1_pretraining,170000,1426063360000,https://olmo-checkpoints.org/ai2-llm/stego32-highlr-filter3/step170000/
stage1_pretraining,171000,1434451968000,https://olmo-checkpoints.org/ai2-llm/stego32-highlr-filter3/step171000/
stage1_pretraining,172000,1442840576000,https://olmo-checkpoints.org/ai2-llm/stego32-highlr-filter3/step172000/
stage1_pretraining,173000,1451229184000,https://olmo-checkpoints.org/ai2-llm/stego32-highlr-filter3/step173000/
stage1_pretraining,174000,1459617792000,https://olmo-checkpoints.org/ai2-llm/stego32-highlr-filter3/step174000/
stage1_pretraining,175000,1468006400000,https://olmo-checkpoints.org/ai2-llm/stego32-highlr-filter3/step175000/
stage1_pretraining,176000,1476395008000,https://olmo-checkpoints.org/ai2-llm/stego32-highlr-filter3/step176000/
stage1_pretraining,177000,1484783616000,https://olmo-checkpoints.org/ai2-llm/stego32-highlr-filter3/step177000/
stage1_pretraining,178000,1493172224000,https://olmo-checkpoints.org/ai2-llm/stego32-highlr-filter3/step178000/
stage1_pretraining,179000,1501560832000,https://olmo-checkpoints.org/ai2-llm/stego32-highlr-filter3/step179000/
stage1_pretraining,180000,1509949440000,https://olmo-checkpoints.org/ai2-llm/stego32-highlr-filter3/step180000/
stage1_pretraining,181000,1518338048000,https://olmo-checkpoints.org/ai2-llm/stego32-highlr-filter3/step181000/
stage1_pretraining,182000,1526726656000,https://olmo-checkpoints.org/ai2-llm/stego32-highlr-filter3/step182000/
stage1_pretraining,183000,1535115264000,https://olmo-checkpoints.org/ai2-llm/stego32-highlr-filter3/step183000/
stage1_pretraining,184000,1543503872000,https://olmo-checkpoints.org/ai2-llm/stego32-highlr-filter3/step184000/
stage1_pretraining,185000,1551892480000,https://olmo-checkpoints.org/ai2-llm/stego32-highlr-filter3/step185000/
stage1_pretraining,186000,1560281088000,https://olmo-checkpoints.org/ai2-llm/stego32-highlr-filter3/step186000/
stage1_pretraining,187000,1568669696000,https://olmo-checkpoints.org/ai2-llm/stego32-highlr-filter3/step187000/
stage1_pretraining,188000,1577058304000,https://olmo-checkpoints.org/ai2-llm/stego32-highlr-filter3/step188000/
stage1_pretraining,189000,1585446912000,https://olmo-checkpoints.org/ai2-llm/stego32-highlr-filter3/step189000/
stage1_pretraining,190000,1593835520000,https://olmo-checkpoints.org/ai2-llm/stego32-highlr-filter3/step190000/
stage1_pretraining,191000,1602224128000,https://olmo-checkpoints.org/ai2-llm/stego32-highlr-filter3/step191000/
stage1_pretraining,192000,1610612736000,https://olmo-checkpoints.org/ai2-llm/stego32-highlr-filter3/step192000/
stage1_pretraining,193000,1619001344000,https://olmo-checkpoints.org/ai2-llm/stego32-highlr-filter3/step193000/
stage1_pretraining,194000,1627389952000,https://olmo-checkpoints.org/ai2-llm/stego32-highlr-filter3/step194000/
stage1_pretraining,195000,1635778560000,https://olmo-checkpoints.org/ai2-llm/stego32-highlr-filter3/step195000/
stage1_pretraining,196000,1644167168000,https://olmo-checkpoints.org/ai2-llm/stego32-highlr-filter3/step196000/
stage1_pretraining,197000,1652555776000,https://olmo-checkpoints.org/ai2-llm/stego32-highlr-filter3/step197000/
stage1_pretraining,198000,1660944384000,https://olmo-checkpoints.org/ai2-llm/stego32-highlr-filter3/step198000/
stage1_pretraining,199000,1669332992000,https://olmo-checkpoints.org/ai2-llm/stego32-highlr-filter3/step199000/
stage1_pretraining,200000,1677721600000,https://olmo-checkpoints.org/ai2-llm/stego32-highlr-filter3/step200000/
stage1_pretraining,201000,1686110208000,https://olmo-checkpoints.org/ai2-llm/stego32-highlr-filter3/step201000/
stage1_pretraining,202000,1694498816000,https://olmo-checkpoints.org/ai2-llm/stego32-highlr-filter3/step202000/
stage1_pretraining,203000,1702887424000,https://olmo-checkpoints.org/ai2-llm/stego32-highlr-filter3/step203000/
stage1_pretraining,204000,1711276032000,https://olmo-checkpoints.org/ai2-llm/stego32-highlr-filter3/step204000/
stage1_pretraining,205000,1719664640000,https://olmo-checkpoints.org/ai2-llm/stego32-highlr-filter3/step205000/
stage1_pretraining,206000,1728053248000,https://olmo-checkpoints.org/ai2-llm/stego32-highlr-filter3/step206000/
stage1_pretraining,207000,1736441856000,https://olmo-checkpoints.org/ai2-llm/stego32-highlr-filter3/step207000/
stage1_pretraining,208000,1744830464000,https://olmo-checkpoints.org/ai2-llm/stego32-highlr-filter3/step208000/
stage1_pretraining,209000,1753219072000,https://olmo-checkpoints.org/ai2-llm/stego32-highlr-filter3/step209000/
stage1_pretraining,210000,1761607680000,https://olmo-checkpoints.org/ai2-llm/stego32-highlr-filter3/step210000/
stage1_pretraining,211000,1769996288000,https://olmo-checkpoints.org/ai2-llm/stego32-highlr-filter3/step211000/
stage1_pretraining,212000,1778384896000,https://olmo-checkpoints.org/ai2-llm/stego32-highlr-filter3/step212000/
stage1_pretraining,213000,1786773504000,https://olmo-checkpoints.org/ai2-llm/stego32-highlr-filter3/step213000/
stage1_pretraining,214000,1795162112000,https://olmo-checkpoints.org/ai2-llm/stego32-highlr-filter3/step214000/
stage1_pretraining,215000,1803550720000,https://olmo-checkpoints.org/ai2-llm/stego32-highlr-filter3/step215000/
stage1_pretraining,216000,1811939328000,https://olmo-checkpoints.org/ai2-llm/stego32-highlr-filter3/step216000/
stage1_pretraining,217000,1820327936000,https://olmo-checkpoints.org/ai2-llm/stego32-highlr-filter3/step217000/
stage1_pretraining,218000,1828716544000,https://olmo-checkpoints.org/ai2-llm/stego32-highlr-filter3/step218000/
stage1_pretraining,219000,1837105152000,https://olmo-checkpoints.org/ai2-llm/stego32-highlr-filter3/step219000/
stage1_pretraining,220000,1845493760000,https://olmo-checkpoints.org/ai2-llm/stego32-highlr-filter3/step220000/
stage1_pretraining,221000,1853882368000,https://olmo-checkpoints.org/ai2-llm/stego32-highlr-filter3/step221000/
stage1_pretraining,222000,1862270976000,https://olmo-checkpoints.org/ai2-llm/stego32-highlr-filter3/step222000/
stage1_pretraining,223000,1870659584000,https://olmo-checkpoints.org/ai2-llm/stego32-highlr-filter3/step223000/
stage1_pretraining,224000,1879048192000,https://olmo-checkpoints.org/ai2-llm/stego32-highlr-filter3/step224000/
stage1_pretraining,225000,1887436800000,https://olmo-checkpoints.org/ai2-llm/stego32-highlr-filter3/step225000/
stage1_pretraining,226000,1895825408000,https://olmo-checkpoints.org/ai2-llm/stego32-highlr-filter3/step226000/
stage1_pretraining,227000,1904214016000,https://olmo-checkpoints.org/ai2-llm/stego32-highlr-filter3/step227000/
stage1_pretraining,228000,1912602624000,https://olmo-checkpoints.org/ai2-llm/stego32-highlr-filter3/step228000/
stage1_pretraining,229000,1920991232000,https://olmo-checkpoints.org/ai2-llm/stego32-highlr-filter3/step229000/
stage1_pretraining,230000,1929379840000,https://olmo-checkpoints.org/ai2-llm/stego32-highlr-filter3/step230000/
stage1_pretraining,231000,1937768448000,https://olmo-checkpoints.org/ai2-llm/stego32-highlr-filter3/step231000/
stage1_pretraining,232000,1946157056000,https://olmo-checkpoints.org/ai2-llm/stego32-highlr-filter3/step232000/
stage1_pretraining,233000,1954545664000,https://olmo-checkpoints.org/ai2-llm/stego32-highlr-filter3/step233000/
stage1_pretraining,234000,1962934272000,https://olmo-checkpoints.org/ai2-llm/stego32-highlr-filter3/step234000/
stage1_pretraining,235000,1971322880000,https://olmo-checkpoints.org/ai2-llm/stego32-highlr-filter3/step235000/
stage1_pretraining,236000,1979711488000,https://olmo-checkpoints.org/ai2-llm/stego32-highlr-filter3/step236000/
stage1_pretraining,237000,1988100096000,https://olmo-checkpoints.org/ai2-llm/stego32-highlr-filter3/step237000/
stage1_pretraining,238000,1996488704000,https://olmo-checkpoints.org/ai2-llm/stego32-highlr-filter3/step238000/
stage1_pretraining,239000,2004877312000,https://olmo-checkpoints.org/ai2-llm/stego32-highlr-filter3/step239000/
stage1_pretraining,240000,2013265920000,https://olmo-checkpoints.org/ai2-llm/stego32-highlr-filter3/step240000/
stage1_pretraining,241000,2021654528000,https://olmo-checkpoints.org/ai2-llm/stego32-highlr-filter3/step241000/
stage1_pretraining,242000,2030043136000,https://olmo-checkpoints.org/ai2-llm/stego32-highlr-filter3/step242000/
stage1_pretraining,243000,2038431744000,https://olmo-checkpoints.org/ai2-llm/stego32-highlr-filter3/step243000/
stage1_pretraining,244000,2046820352000,https://olmo-checkpoints.org/ai2-llm/stego32-highlr-filter3/step244000/
stage1_pretraining,245000,2055208960000,https://olmo-checkpoints.org/ai2-llm/stego32-highlr-filter3/step245000/
stage1_pretraining,246000,2063597568000,https://olmo-checkpoints.org/ai2-llm/stego32-highlr-filter3/step246000/
stage1_pretraining,247000,2071986176000,https://olmo-checkpoints.org/ai2-llm/stego32-highlr-filter3/step247000/
stage1_pretraining,248000,2080374784000,https://olmo-checkpoints.org/ai2-llm/stego32-highlr-filter3/step248000/
stage1_pretraining,249000,2088763392000,https://olmo-checkpoints.org/ai2-llm/stego32-highlr-filter3/step249000/
stage1_pretraining,250000,2097152000000,https://olmo-checkpoints.org/ai2-llm/stego32-highlr-filter3/step250000/
stage1_pretraining,251000,2105540608000,https://olmo-checkpoints.org/ai2-llm/stego32-highlr-filter3/step251000/
stage1_pretraining,252000,2113929216000,https://olmo-checkpoints.org/ai2-llm/stego32-highlr-filter3/step252000/
stage1_pretraining,253000,2122317824000,https://olmo-checkpoints.org/ai2-llm/stego32-highlr-filter3/step253000/
stage1_pretraining,254000,2130706432000,https://olmo-checkpoints.org/ai2-llm/stego32-highlr-filter3/step254000/
stage1_pretraining,255000,2139095040000,https://olmo-checkpoints.org/ai2-llm/stego32-highlr-filter3/step255000/
stage1_pretraining,256000,2147483648000,https://olmo-checkpoints.org/ai2-llm/stego32-highlr-filter3/step256000/
stage1_pretraining,257000,2155872256000,https://olmo-checkpoints.org/ai2-llm/stego32-highlr-filter3/step257000/
stage1_pretraining,258000,2164260864000,https://olmo-checkpoints.org/ai2-llm/stego32-highlr-filter3/step258000/
stage1_pretraining,259000,2172649472000,https://olmo-checkpoints.org/ai2-llm/stego32-highlr-filter3/step259000/
stage1_pretraining,260000,2181038080000,https://olmo-checkpoints.org/ai2-llm/stego32-highlr-filter3/step260000/
stage1_pretraining,261000,2189426688000,https://olmo-checkpoints.org/ai2-llm/stego32-highlr-filter3/step261000/
stage1_pretraining,262000,2197815296000,https://olmo-checkpoints.org/ai2-llm/stego32-highlr-filter3/step262000/
stage1_pretraining,263000,2206203904000,https://olmo-checkpoints.org/ai2-llm/stego32-highlr-filter3/step263000/
stage1_pretraining,264000,2214592512000,https://olmo-checkpoints.org/ai2-llm/stego32-highlr-filter3/step264000/
stage1_pretraining,265000,2222981120000,https://olmo-checkpoints.org/ai2-llm/stego32-highlr-filter3/step265000/
stage1_pretraining,266000,2231369728000,https://olmo-checkpoints.org/ai2-llm/stego32-highlr-filter3/step266000/
stage1_pretraining,267000,2239758336000,https://olmo-checkpoints.org/ai2-llm/stego32-highlr-filter3/step267000/
stage1_pretraining,268000,2248146944000,https://olmo-checkpoints.org/ai2-llm/stego32-highlr-filter3/step268000/
stage1_pretraining,269000,2256535552000,https://olmo-checkpoints.org/ai2-llm/stego32-highlr-filter3/step269000/
stage1_pretraining,270000,2264924160000,https://olmo-checkpoints.org/ai2-llm/stego32-highlr-filter3/step270000/
stage1_pretraining,271000,2273312768000,https://olmo-checkpoints.org/ai2-llm/stego32-highlr-filter3/step271000/
stage1_pretraining,272000,2281701376000,https://olmo-checkpoints.org/ai2-llm/stego32-highlr-filter3/step272000/
stage1_pretraining,273000,2290089984000,https://olmo-checkpoints.org/ai2-llm/stego32-highlr-filter3/step273000/
stage1_pretraining,274000,2298478592000,https://olmo-checkpoints.org/ai2-llm/stego32-highlr-filter3/step274000/
stage1_pretraining,275000,2306867200000,https://olmo-checkpoints.org/ai2-llm/stego32-highlr-filter3/step275000/
stage1_pretraining,276000,2315255808000,https://olmo-checkpoints.org/ai2-llm/stego32-highlr-filter3/step276000/
stage1_pretraining,277000,2323644416000,https://olmo-checkpoints.org/ai2-llm/stego32-highlr-filter3/step277000/
stage1_pretraining,278000,2332033024000,https://olmo-checkpoints.org/ai2-llm/stego32-highlr-filter3/step278000/
stage1_pretraining,279000,2340421632000,https://olmo-checkpoints.org/ai2-llm/stego32-highlr-filter3/step279000/
stage1_pretraining,280000,2348810240000,https://olmo-checkpoints.org/ai2-llm/stego32-highlr-filter3/step280000/
stage1_pretraining,281000,2357198848000,https://olmo-checkpoints.org/ai2-llm/stego32-highlr-filter3/step281000/
stage1_pretraining,282000,2365587456000,https://olmo-checkpoints.org/ai2-llm/stego32-highlr-filter3/step282000/
stage1_pretraining,283000,2373976064000,https://olmo-checkpoints.org/ai2-llm/stego32-highlr-filter3/step283000/
stage1_pretraining,284000,2382364672000,https://olmo-checkpoints.org/ai2-llm/stego32-highlr-filter3/step284000/
stage1_pretraining,285000,2390753280000,https://olmo-checkpoints.org/ai2-llm/stego32-highlr-filter3/step285000/
stage1_pretraining,286000,2399141888000,https://olmo-checkpoints.org/ai2-llm/stego32-highlr-filter3/step286000/
stage1_pretraining,287000,2407530496000,https://olmo-checkpoints.org/ai2-llm/stego32-highlr-filter3/step287000/
stage1_pretraining,288000,2415919104000,https://olmo-checkpoints.org/ai2-llm/stego32-highlr-filter3/step288000/
stage1_pretraining,289000,2424307712000,https://olmo-checkpoints.org/ai2-llm/stego32-highlr-filter3/step289000/
stage1_pretraining,290000,2432696320000,https://olmo-checkpoints.org/ai2-llm/stego32-highlr-filter3/step290000/
stage1_pretraining,291000,2441084928000,https://olmo-checkpoints.org/ai2-llm/stego32-highlr-filter3/step291000/
stage1_pretraining,292000,2449473536000,https://olmo-checkpoints.org/ai2-llm/stego32-highlr-filter3/step292000/
stage1_pretraining,293000,2457862144000,https://olmo-checkpoints.org/ai2-llm/stego32-highlr-filter3/step293000/
stage1_pretraining,294000,2466250752000,https://olmo-checkpoints.org/ai2-llm/stego32-highlr-filter3/step294000/
stage1_pretraining,295000,2474639360000,https://olmo-checkpoints.org/ai2-llm/stego32-highlr-filter3/step295000/
stage1_pretraining,296000,2483027968000,https://olmo-checkpoints.org/ai2-llm/stego32-highlr-filter3/step296000/
stage1_pretraining,297000,2491416576000,https://olmo-checkpoints.org/ai2-llm/stego32-highlr-filter3/step297000/
stage1_pretraining,298000,2499805184000,https://olmo-checkpoints.org/ai2-llm/stego32-highlr-filter3/step298000/
stage1_pretraining,299000,2508193792000,https://olmo-checkpoints.org/ai2-llm/stego32-highlr-filter3/step299000/
stage1_pretraining,300000,2516582400000,https://olmo-checkpoints.org/ai2-llm/stego32-highlr-filter3/step300000/
stage1_pretraining,301000,2524971008000,https://olmo-checkpoints.org/ai2-llm/stego32-highlr-filter3/step301000/
stage1_pretraining,302000,2533359616000,https://olmo-checkpoints.org/ai2-llm/stego32-highlr-filter3/step302000/
stage1_pretraining,303000,2541748224000,https://olmo-checkpoints.org/ai2-llm/stego32-highlr-filter3/step303000/
stage1_pretraining,304000,2550136832000,https://olmo-checkpoints.org/ai2-llm/stego32-highlr-filter3/step304000/
stage1_pretraining,305000,2558525440000,https://olmo-checkpoints.org/ai2-llm/stego32-highlr-filter3/step305000/
stage1_pretraining,306000,2566914048000,https://olmo-checkpoints.org/ai2-llm/stego32-highlr-filter3/step306000/
stage1_pretraining,307000,2575302656000,https://olmo-checkpoints.org/ai2-llm/stego32-highlr-filter3/step307000/
stage1_pretraining,308000,2583691264000,https://olmo-checkpoints.org/ai2-llm/stego32-highlr-filter3/step308000/
stage1_pretraining,309000,2592079872000,https://olmo-checkpoints.org/ai2-llm/stego32-highlr-filter3/step309000/
stage1_pretraining,310000,2600468480000,https://olmo-checkpoints.org/ai2-llm/stego32-highlr-filter3/step310000/
stage1_pretraining,311000,2608857088000,https://olmo-checkpoints.org/ai2-llm/stego32-highlr-filter3/step311000/
stage1_pretraining,312000,2617245696000,https://olmo-checkpoints.org/ai2-llm/stego32-highlr-filter3/step312000/
stage1_pretraining,313000,2625634304000,https://olmo-checkpoints.org/ai2-llm/stego32-highlr-filter3/step313000/
stage1_pretraining,314000,2634022912000,https://olmo-checkpoints.org/ai2-llm/stego32-highlr-filter3/step314000/
stage1_pretraining,315000,2642411520000,https://olmo-checkpoints.org/ai2-llm/stego32-highlr-filter3/step315000/
stage1_pretraining,316000,2650800128000,https://olmo-checkpoints.org/ai2-llm/stego32-highlr-filter3/step316000/
stage1_pretraining,317000,2659188736000,https://olmo-checkpoints.org/ai2-llm/stego32-highlr-filter3/step317000/
stage1_pretraining,318000,2667577344000,https://olmo-checkpoints.org/ai2-llm/stego32-highlr-filter3/step318000/
stage1_pretraining,319000,2675965952000,https://olmo-checkpoints.org/ai2-llm/stego32-highlr-filter3/step319000/
stage1_pretraining,320000,2684354560000,https://olmo-checkpoints.org/ai2-llm/stego32-highlr-filter3/step320000/
stage1_pretraining,321000,2692743168000,https://olmo-checkpoints.org/ai2-llm/stego32-highlr-filter3/step321000/
stage1_pretraining,322000,2701131776000,https://olmo-checkpoints.org/ai2-llm/stego32-highlr-filter3/step322000/
stage1_pretraining,323000,2709520384000,https://olmo-checkpoints.org/ai2-llm/stego32-highlr-filter3/step323000/
stage1_pretraining,324000,2717908992000,https://olmo-checkpoints.org/ai2-llm/stego32-highlr-filter3/step324000/
stage1_pretraining,325000,2726297600000,https://olmo-checkpoints.org/ai2-llm/stego32-highlr-filter3/step325000/
stage1_pretraining,326000,2734686208000,https://olmo-checkpoints.org/ai2-llm/stego32-highlr-filter3/step326000/
stage1_pretraining,327000,2743074816000,https://olmo-checkpoints.org/ai2-llm/stego32-highlr-filter3/step327000/
stage1_pretraining,328000,2751463424000,https://olmo-checkpoints.org/ai2-llm/stego32-highlr-filter3/step328000/
stage1_pretraining,329000,2759852032000,https://olmo-checkpoints.org/ai2-llm/stego32-highlr-filter3/step329000/
stage1_pretraining,330000,2768240640000,https://olmo-checkpoints.org/ai2-llm/stego32-highlr-filter3/step330000/
stage1_pretraining,331000,2776629248000,https://olmo-checkpoints.org/ai2-llm/stego32-highlr-filter3/step331000/
stage1_pretraining,332000,2785017856000,https://olmo-checkpoints.org/ai2-llm/stego32-highlr-filter3/step332000/
stage1_pretraining,333000,2793406464000,https://olmo-checkpoints.org/ai2-llm/stego32-highlr-filter3/step333000/
stage1_pretraining,334000,2801795072000,https://olmo-checkpoints.org/ai2-llm/stego32-highlr-filter3/step334000/
stage1_pretraining,335000,2810183680000,https://olmo-checkpoints.org/ai2-llm/stego32-highlr-filter3/step335000/
stage1_pretraining,336000,2818572288000,https://olmo-checkpoints.org/ai2-llm/stego32-highlr-filter3/step336000/
stage1_pretraining,337000,2826960896000,https://olmo-checkpoints.org/ai2-llm/stego32-highlr-filter3/step337000/
stage1_pretraining,338000,2835349504000,https://olmo-checkpoints.org/ai2-llm/stego32-highlr-filter3/step338000/
stage1_pretraining,339000,2843738112000,https://olmo-checkpoints.org/ai2-llm/stego32-highlr-filter3/step339000/
stage1_pretraining,340000,2852126720000,https://olmo-checkpoints.org/ai2-llm/stego32-highlr-filter3/step340000/
stage1_pretraining,341000,2860515328000,https://olmo-checkpoints.org/ai2-llm/stego32-highlr-filter3/step341000/
stage1_pretraining,342000,2868903936000,https://olmo-checkpoints.org/ai2-llm/stego32-highlr-filter3/step342000/
stage1_pretraining,343000,2877292544000,https://olmo-checkpoints.org/ai2-llm/stego32-highlr-filter3/step343000/
stage1_pretraining,344000,2885681152000,https://olmo-checkpoints.org/ai2-llm/stego32-highlr-filter3/step344000/
stage1_pretraining,345000,2894069760000,https://olmo-checkpoints.org/ai2-llm/stego32-highlr-filter3/step345000/
stage1_pretraining,346000,2902458368000,https://olmo-checkpoints.org/ai2-llm/stego32-highlr-filter3/step346000/
stage1_pretraining,347000,2910846976000,https://olmo-checkpoints.org/ai2-llm/stego32-highlr-filter3/step347000/
stage1_pretraining,348000,2919235584000,https://olmo-checkpoints.org/ai2-llm/stego32-highlr-filter3/step348000/
stage1_pretraining,349000,2927624192000,https://olmo-checkpoints.org/ai2-llm/stego32-highlr-filter3/step349000/
stage1_pretraining,350000,2936012800000,https://olmo-checkpoints.org/ai2-llm/stego32-highlr-filter3/step350000/
stage1_pretraining,351000,2944401408000,https://olmo-checkpoints.org/ai2-llm/stego32-highlr-filter3/step351000/
stage1_pretraining,352000,2952790016000,https://olmo-checkpoints.org/ai2-llm/stego32-highlr-filter3/step352000/
stage1_pretraining,353000,2961178624000,https://olmo-checkpoints.org/ai2-llm/stego32-highlr-filter3/step353000/
stage1_pretraining,354000,2969567232000,https://olmo-checkpoints.org/ai2-llm/stego32-highlr-filter3/step354000/
stage1_pretraining,355000,2977955840000,https://olmo-checkpoints.org/ai2-llm/stego32-highlr-filter3/step355000/
stage1_pretraining,356000,2986344448000,https://olmo-checkpoints.org/ai2-llm/stego32-highlr-filter3/step356000/
stage1_pretraining,357000,2994733056000,https://olmo-checkpoints.org/ai2-llm/stego32-highlr-filter3/step357000/
stage1_pretraining,358000,3003121664000,https://olmo-checkpoints.org/ai2-llm/stego32-highlr-filter3/step358000/
stage1_pretraining,359000,3011510272000,https://olmo-checkpoints.org/ai2-llm/stego32-highlr-filter3/step359000/
stage1_pretraining,360000,3019898880000,https://olmo-checkpoints.org/ai2-llm/stego32-highlr-filter3/step360000/
stage1_pretraining,361000,3028287488000,https://olmo-checkpoints.org/ai2-llm/stego32-highlr-filter3/step361000/
stage1_pretraining,362000,3036676096000,https://olmo-checkpoints.org/ai2-llm/stego32-highlr-filter3/step362000/
stage1_pretraining,363000,3045064704000,https://olmo-checkpoints.org/ai2-llm/stego32-highlr-filter3/step363000/
stage1_pretraining,364000,3053453312000,https://olmo-checkpoints.org/ai2-llm/stego32-highlr-filter3/step364000/
stage1_pretraining,365000,3061841920000,https://olmo-checkpoints.org/ai2-llm/stego32-highlr-filter3/step365000/
stage1_pretraining,366000,3070230528000,https://olmo-checkpoints.org/ai2-llm/stego32-highlr-filter3/step366000/
stage1_pretraining,367000,3078619136000,https://olmo-checkpoints.org/ai2-llm/stego32-highlr-filter3/step367000/
stage1_pretraining,368000,3087007744000,https://olmo-checkpoints.org/ai2-llm/stego32-highlr-filter3/step368000/
stage1_pretraining,369000,3095396352000,https://olmo-checkpoints.org/ai2-llm/stego32-highlr-filter3/step369000/
stage1_pretraining,370000,3103784960000,https://olmo-checkpoints.org/ai2-llm/stego32-highlr-filter3/step370000/
stage1_pretraining,371000,3112173568000,https://olmo-checkpoints.org/ai2-llm/stego32-highlr-filter3/step371000/
stage1_pretraining,372000,3120562176000,https://olmo-checkpoints.org/ai2-llm/stego32-highlr-filter3/step372000/
stage1_pretraining,373000,3128950784000,https://olmo-checkpoints.org/ai2-llm/stego32-highlr-filter3/step373000/
stage1_pretraining,374000,3137339392000,https://olmo-checkpoints.org/ai2-llm/stego32-highlr-filter3/step374000/
stage1_pretraining,375000,3145728000000,https://olmo-checkpoints.org/ai2-llm/stego32-highlr-filter3/step375000/
stage1_pretraining,376000,3154116608000,https://olmo-checkpoints.org/ai2-llm/stego32-highlr-filter3/step376000/
stage1_pretraining,377000,3162505216000,https://olmo-checkpoints.org/ai2-llm/stego32-highlr-filter3/step377000/
stage1_pretraining,378000,3170893824000,https://olmo-checkpoints.org/ai2-llm/stego32-highlr-filter3/step378000/
stage1_pretraining,379000,3179282432000,https://olmo-checkpoints.org/ai2-llm/stego32-highlr-filter3/step379000/
stage1_pretraining,380000,3187671040000,https://olmo-checkpoints.org/ai2-llm/stego32-highlr-filter3/step380000/
stage1_pretraining,381000,3196059648000,https://olmo-checkpoints.org/ai2-llm/stego32-highlr-filter3/step381000/
stage1_pretraining,382000,3204448256000,https://olmo-checkpoints.org/ai2-llm/stego32-highlr-filter3/step382000/
stage1_pretraining,383000,3212836864000,https://olmo-checkpoints.org/ai2-llm/stego32-highlr-filter3/step383000/
stage1_pretraining,384000,3221225472000,https://olmo-checkpoints.org/ai2-llm/stego32-highlr-filter3/step384000/
stage1_pretraining,385000,3229614080000,https://olmo-checkpoints.org/ai2-llm/stego32-highlr-filter3/step385000/
stage1_pretraining,386000,3238002688000,https://olmo-checkpoints.org/ai2-llm/stego32-highlr-filter3/step386000/
stage1_pretraining,387000,3246391296000,https://olmo-checkpoints.org/ai2-llm/stego32-highlr-filter3/step387000/
stage1_pretraining,388000,3254779904000,https://olmo-checkpoints.org/ai2-llm/stego32-highlr-filter3/step388000/
stage1_pretraining,389000,3263168512000,https://olmo-checkpoints.org/ai2-llm/stego32-highlr-filter3/step389000/
stage1_pretraining,390000,3271557120000,https://olmo-checkpoints.org/ai2-llm/stego32-highlr-filter3/step390000/
stage1_pretraining,391000,3279945728000,https://olmo-checkpoints.org/ai2-llm/stego32-highlr-filter3/step391000/
stage1_pretraining,392000,3288334336000,https://olmo-checkpoints.org/ai2-llm/stego32-highlr-filter3/step392000/
stage1_pretraining,393000,3296722944000,https://olmo-checkpoints.org/ai2-llm/stego32-highlr-filter3/step393000/
stage1_pretraining,394000,3305111552000,https://olmo-checkpoints.org/ai2-llm/stego32-highlr-filter3/step394000/
stage1_pretraining,395000,3313500160000,https://olmo-checkpoints.org/ai2-llm/stego32-highlr-filter3/step395000/
stage1_pretraining,396000,3321888768000,https://olmo-checkpoints.org/ai2-llm/stego32-highlr-filter3/step396000/
stage1_pretraining,397000,3330277376000,https://olmo-checkpoints.org/ai2-llm/stego32-highlr-filter3/step397000/
stage1_pretraining,398000,3338665984000,https://olmo-checkpoints.org/ai2-llm/stego32-highlr-filter3/step398000/
stage1_pretraining,399000,3347054592000,https://olmo-checkpoints.org/ai2-llm/stego32-highlr-filter3/step399000/
stage1_pretraining,400000,3355443200000,https://olmo-checkpoints.org/ai2-llm/stego32-highlr-filter3/step400000/
stage1_pretraining,401000,3363831808000,https://olmo-checkpoints.org/ai2-llm/stego32-highlr-filter3/step401000/
stage1_pretraining,402000,3372220416000,https://olmo-checkpoints.org/ai2-llm/stego32-highlr-filter3/step402000/
stage1_pretraining,403000,3380609024000,https://olmo-checkpoints.org/ai2-llm/stego32-highlr-filter3/step403000/
stage1_pretraining,404000,3388997632000,https://olmo-checkpoints.org/ai2-llm/stego32-highlr-filter3/step404000/
stage1_pretraining,405000,3397386240000,https://olmo-checkpoints.org/ai2-llm/stego32-highlr-filter3/step405000/
stage1_pretraining,406000,3405774848000,https://olmo-checkpoints.org/ai2-llm/stego32-highlr-filter3/step406000/
stage1_pretraining,407000,3414163456000,https://olmo-checkpoints.org/ai2-llm/stego32-highlr-filter3/step407000/
stage1_pretraining,408000,3422552064000,https://olmo-checkpoints.org/ai2-llm/stego32-highlr-filter3/step408000/
stage1_pretraining,409000,3430940672000,https://olmo-checkpoints.org/ai2-llm/stego32-highlr-filter3/step409000/
stage1_pretraining,410000,3439329280000,https://olmo-checkpoints.org/ai2-llm/stego32-highlr-filter3/step410000/
stage1_pretraining,411000,3447717888000,https://olmo-checkpoints.org/ai2-llm/stego32-highlr-filter3/step411000/
stage1_pretraining,412000,3456106496000,https://olmo-checkpoints.org/ai2-llm/stego32-highlr-filter3/step412000/
stage1_pretraining,413000,3464495104000,https://olmo-checkpoints.org/ai2-llm/stego32-highlr-filter3/step413000/
stage1_pretraining,414000,3472883712000,https://olmo-checkpoints.org/ai2-llm/stego32-highlr-filter3/step414000/
stage1_pretraining,415000,3481272320000,https://olmo-checkpoints.org/ai2-llm/stego32-highlr-filter3/step415000/
stage1_pretraining,416000,3489660928000,https://olmo-checkpoints.org/ai2-llm/stego32-highlr-filter3/step416000/
stage1_pretraining,417000,3498049536000,https://olmo-checkpoints.org/ai2-llm/stego32-highlr-filter3/step417000/
stage1_pretraining,418000,3506438144000,https://olmo-checkpoints.org/ai2-llm/stego32-highlr-filter3/step418000/
stage1_pretraining,419000,3514826752000,https://olmo-checkpoints.org/ai2-llm/stego32-highlr-filter3/step419000/
stage1_pretraining,420000,3523215360000,https://olmo-checkpoints.org/ai2-llm/stego32-highlr-filter3/step420000/
stage1_pretraining,421000,3531603968000,https://olmo-checkpoints.org/ai2-llm/stego32-highlr-filter3/step421000/
stage1_pretraining,422000,3539992576000,https://olmo-checkpoints.org/ai2-llm/stego32-highlr-filter3/step422000/
stage1_pretraining,423000,3548381184000,https://olmo-checkpoints.org/ai2-llm/stego32-highlr-filter3/step423000/
stage1_pretraining,424000,3556769792000,https://olmo-checkpoints.org/ai2-llm/stego32-highlr-filter3/step424000/
stage1_pretraining,425000,3565158400000,https://olmo-checkpoints.org/ai2-llm/stego32-highlr-filter3/step425000/
stage1_pretraining,426000,3573547008000,https://olmo-checkpoints.org/ai2-llm/stego32-highlr-filter3/step426000/
stage1_pretraining,427000,3581935616000,https://olmo-checkpoints.org/ai2-llm/stego32-highlr-filter3/step427000/
stage1_pretraining,428000,3590324224000,https://olmo-checkpoints.org/ai2-llm/stego32-highlr-filter3/step428000/
stage1_pretraining,429000,3598712832000,https://olmo-checkpoints.org/ai2-llm/stego32-highlr-filter3/step429000/
stage1_pretraining,430000,3607101440000,https://olmo-checkpoints.org/ai2-llm/stego32-highlr-filter3/step430000/
stage1_pretraining,431000,3615490048000,https://olmo-checkpoints.org/ai2-llm/stego32-highlr-filter3/step431000/
stage1_pretraining,432000,3623878656000,https://olmo-checkpoints.org/ai2-llm/stego32-highlr-filter3/step432000/
stage1_pretraining,433000,3632267264000,https://olmo-checkpoints.org/ai2-llm/stego32-highlr-filter3/step433000/
stage1_pretraining,434000,3640655872000,https://olmo-checkpoints.org/ai2-llm/stego32-highlr-filter3/step434000/
stage1_pretraining,435000,3649044480000,https://olmo-checkpoints.org/ai2-llm/stego32-highlr-filter3/step435000/
stage1_pretraining,436000,3657433088000,https://olmo-checkpoints.org/ai2-llm/stego32-highlr-filter3/step436000/
stage1_pretraining,437000,3665821696000,https://olmo-checkpoints.org/ai2-llm/stego32-highlr-filter3/step437000/
stage1_pretraining,438000,3674210304000,https://olmo-checkpoints.org/ai2-llm/stego32-highlr-filter3/step438000/
stage1_pretraining,439000,3682598912000,https://olmo-checkpoints.org/ai2-llm/stego32-highlr-filter3/step439000/
stage1_pretraining,440000,3690987520000,https://olmo-checkpoints.org/ai2-llm/stego32-highlr-filter3/step440000/
stage1_pretraining,441000,3699376128000,https://olmo-checkpoints.org/ai2-llm/stego32-highlr-filter3/step441000/
stage1_pretraining,442000,3707764736000,https://olmo-checkpoints.org/ai2-llm/stego32-highlr-filter3/step442000/
stage1_pretraining,443000,3716153344000,https://olmo-checkpoints.org/ai2-llm/stego32-highlr-filter3/step443000/
stage1_pretraining,444000,3724541952000,https://olmo-checkpoints.org/ai2-llm/stego32-highlr-filter3/step444000/
stage1_pretraining,445000,3732930560000,https://olmo-checkpoints.org/ai2-llm/stego32-highlr-filter3/step445000/
stage1_pretraining,446000,3741319168000,https://olmo-checkpoints.org/ai2-llm/stego32-highlr-filter3/step446000/
stage1_pretraining,447000,3749707776000,https://olmo-checkpoints.org/ai2-llm/stego32-highlr-filter3/step447000/
stage1_pretraining,448000,3758096384000,https://olmo-checkpoints.org/ai2-llm/stego32-highlr-filter3/step448000/
stage1_pretraining,449000,3766484992000,https://olmo-checkpoints.org/ai2-llm/stego32-highlr-filter3/step449000/
stage1_pretraining,450000,3774873600000,https://olmo-checkpoints.org/ai2-llm/stego32-highlr-filter3/step450000/
stage1_pretraining,451000,3783262208000,https://olmo-checkpoints.org/ai2-llm/stego32-highlr-filter3/step451000/
stage1_pretraining,452000,3791650816000,https://olmo-checkpoints.org/ai2-llm/stego32-highlr-filter3/step452000/
stage1_pretraining,453000,3800039424000,https://olmo-checkpoints.org/ai2-llm/stego32-highlr-filter3/step453000/
stage1_pretraining,454000,3808428032000,https://olmo-checkpoints.org/ai2-llm/stego32-highlr-filter3/step454000/
stage1_pretraining,455000,3816816640000,https://olmo-checkpoints.org/ai2-llm/stego32-highlr-filter3/step455000/
stage1_pretraining,456000,3825205248000,https://olmo-checkpoints.org/ai2-llm/stego32-highlr-filter3/step456000/
stage1_pretraining,457000,3833593856000,https://olmo-checkpoints.org/ai2-llm/stego32-highlr-filter3/step457000/
stage1_pretraining,458000,3841982464000,https://olmo-checkpoints.org/ai2-llm/stego32-highlr-filter3/step458000/
stage1_pretraining,459000,3850371072000,https://olmo-checkpoints.org/ai2-llm/stego32-highlr-filter3/step459000/
stage1_pretraining,460000,3858759680000,https://olmo-checkpoints.org/ai2-llm/stego32-highlr-filter3/step460000/
stage1_pretraining,461000,3867148288000,https://olmo-checkpoints.org/ai2-llm/stego32-highlr-filter3/step461000/
stage1_pretraining,462000,3875536896000,https://olmo-checkpoints.org/ai2-llm/stego32-highlr-filter3/step462000/
stage1_pretraining,463000,3883925504000,https://olmo-checkpoints.org/ai2-llm/stego32-highlr-filter3/step463000/
stage1_pretraining,464000,3892314112000,https://olmo-checkpoints.org/ai2-llm/stego32-highlr-filter3/step464000/
stage1_pretraining,465000,3900702720000,https://olmo-checkpoints.org/ai2-llm/stego32-highlr-filter3/step465000/
stage1_pretraining,466000,3909091328000,https://olmo-checkpoints.org/ai2-llm/stego32-highlr-filter3/step466000/
stage1_pretraining,467000,3917479936000,https://olmo-checkpoints.org/ai2-llm/stego32-highlr-filter3/step467000/
stage1_pretraining,468000,3925868544000,https://olmo-checkpoints.org/ai2-llm/stego32-highlr-filter3/step468000/
stage1_pretraining,469000,3934257152000,https://olmo-checkpoints.org/ai2-llm/stego32-highlr-filter3/step469000/
stage1_pretraining,470000,3942645760000,https://olmo-checkpoints.org/ai2-llm/stego32-highlr-filter3/step470000/
stage1_pretraining,471000,3951034368000,https://olmo-checkpoints.org/ai2-llm/stego32-highlr-filter3/step471000/
stage1_pretraining,472000,3959422976000,https://olmo-checkpoints.org/ai2-llm/stego32-highlr-filter3/step472000/
stage1_pretraining,473000,3967811584000,https://olmo-checkpoints.org/ai2-llm/stego32-highlr-filter3/step473000/
stage1_pretraining,474000,3976200192000,https://olmo-checkpoints.org/ai2-llm/stego32-highlr-filter3/step474000/
stage1_pretraining,475000,3984588800000,https://olmo-checkpoints.org/ai2-llm/stego32-highlr-filter3/step475000/
stage1_pretraining,476000,3992977408000,https://olmo-checkpoints.org/ai2-llm/stego32-highlr-filter3/step476000/
stage1_pretraining,477000,4001366016000,https://olmo-checkpoints.org/ai2-llm/stego32-highlr-filter3/step477000/
stage1_pretraining,478000,4009754624000,https://olmo-checkpoints.org/ai2-llm/stego32-highlr-filter3/step478000/
stage1_pretraining,479000,4018143232000,https://olmo-checkpoints.org/ai2-llm/stego32-highlr-filter3/step479000/
stage1_pretraining,480000,4026531840000,https://olmo-checkpoints.org/ai2-llm/stego32-highlr-filter3/step480000/
stage1_pretraining,481000,4034920448000,https://olmo-checkpoints.org/ai2-llm/stego32-highlr-filter3/step481000/
stage1_pretraining,482000,4043309056000,https://olmo-checkpoints.org/ai2-llm/stego32-highlr-filter3/step482000/
stage1_pretraining,483000,4051697664000,https://olmo-checkpoints.org/ai2-llm/stego32-highlr-filter3/step483000/
stage1_pretraining,484000,4060086272000,https://olmo-checkpoints.org/ai2-llm/stego32-highlr-filter3/step484000/
stage1_pretraining,485000,4068474880000,https://olmo-checkpoints.org/ai2-llm/stego32-highlr-filter3/step485000/
stage1_pretraining,486000,4076863488000,https://olmo-checkpoints.org/ai2-llm/stego32-highlr-filter3/step486000/
stage1_pretraining,487000,4085252096000,https://olmo-checkpoints.org/ai2-llm/stego32-highlr-filter3/step487000/
stage1_pretraining,488000,4093640704000,https://olmo-checkpoints.org/ai2-llm/stego32-highlr-filter3/step488000/
stage1_pretraining,489000,4102029312000,https://olmo-checkpoints.org/ai2-llm/stego32-highlr-filter3/step489000/
stage1_pretraining,490000,4110417920000,https://olmo-checkpoints.org/ai2-llm/stego32-highlr-filter3/step490000/
stage1_pretraining,491000,4118806528000,https://olmo-checkpoints.org/ai2-llm/stego32-highlr-filter3/step491000/
stage1_pretraining,492000,4127195136000,https://olmo-checkpoints.org/ai2-llm/stego32-highlr-filter3/step492000/
stage1_pretraining,493000,4135583744000,https://olmo-checkpoints.org/ai2-llm/stego32-highlr-filter3/step493000/
stage1_pretraining,494000,4143972352000,https://olmo-checkpoints.org/ai2-llm/stego32-highlr-filter3/step494000/
stage1_pretraining,495000,4152360960000,https://olmo-checkpoints.org/ai2-llm/stego32-highlr-filter3/step495000/
stage1_pretraining,496000,4160749568000,https://olmo-checkpoints.org/ai2-llm/stego32-highlr-filter3/step496000/
stage1_pretraining,497000,4169138176000,https://olmo-checkpoints.org/ai2-llm/stego32-highlr-filter3/step497000/
stage1_pretraining,498000,4177526784000,https://olmo-checkpoints.org/ai2-llm/stego32-highlr-filter3/step498000/
stage1_pretraining,499000,4185915392000,https://olmo-checkpoints.org/ai2-llm/stego32-highlr-filter3/step499000/
stage1_pretraining,500000,4194304000000,https://olmo-checkpoints.org/ai2-llm/stego32-highlr-filter3/step500000/
stage1_pretraining,501000,4202692608000,https://olmo-checkpoints.org/ai2-llm/stego32-highlr-filter3/step501000/
stage1_pretraining,502000,4211081216000,https://olmo-checkpoints.org/ai2-llm/stego32-highlr-filter3/step502000/
stage1_pretraining,503000,4219469824000,https://olmo-checkpoints.org/ai2-llm/stego32-highlr-filter3/step503000/
stage1_pretraining,504000,4227858432000,https://olmo-checkpoints.org/ai2-llm/stego32-highlr-filter3/step504000/
stage1_pretraining,505000,4236247040000,https://olmo-checkpoints.org/ai2-llm/stego32-highlr-filter3/step505000/
stage1_pretraining,506000,4244635648000,https://olmo-checkpoints.org/ai2-llm/stego32-highlr-filter3/step506000/
stage1_pretraining,507000,4253024256000,https://olmo-checkpoints.org/ai2-llm/stego32-highlr-filter3/step507000/
stage1_pretraining,508000,4261412864000,https://olmo-checkpoints.org/ai2-llm/stego32-highlr-filter3/step508000/
stage1_pretraining,509000,4269801472000,https://olmo-checkpoints.org/ai2-llm/stego32-highlr-filter3/step509000/
stage1_pretraining,510000,4278190080000,https://olmo-checkpoints.org/ai2-llm/stego32-highlr-filter3/step510000/
stage1_pretraining,511000,4286578688000,https://olmo-checkpoints.org/ai2-llm/stego32-highlr-filter3/step511000/
stage1_pretraining,512000,4294967296000,https://olmo-checkpoints.org/ai2-llm/stego32-highlr-filter3/step512000/
stage1_pretraining,513000,4303355904000,https://olmo-checkpoints.org/ai2-llm/stego32-highlr-filter3/step513000/
stage1_pretraining,514000,4311744512000,https://olmo-checkpoints.org/ai2-llm/stego32-highlr-filter3/step514000/
stage1_pretraining,515000,4320133120000,https://olmo-checkpoints.org/ai2-llm/stego32-highlr-filter3/step515000/
stage1_pretraining,516000,4328521728000,https://olmo-checkpoints.org/ai2-llm/stego32-highlr-filter3/step516000/
stage1_pretraining,517000,4336910336000,https://olmo-checkpoints.org/ai2-llm/stego32-highlr-filter3/step517000/
stage1_pretraining,518000,4345298944000,https://olmo-checkpoints.org/ai2-llm/stego32-highlr-filter3/step518000/
stage1_pretraining,519000,4353687552000,https://olmo-checkpoints.org/ai2-llm/stego32-highlr-filter3/step519000/
stage1_pretraining,520000,4362076160000,https://olmo-checkpoints.org/ai2-llm/stego32-highlr-filter3/step520000/
stage1_pretraining,521000,4370464768000,https://olmo-checkpoints.org/ai2-llm/stego32-highlr-filter3/step521000/
stage1_pretraining,522000,4378853376000,https://olmo-checkpoints.org/ai2-llm/stego32-highlr-filter3/step522000/
stage1_pretraining,523000,4387241984000,https://olmo-checkpoints.org/ai2-llm/stego32-highlr-filter3/step523000/
stage1_pretraining,524000,4395630592000,https://olmo-checkpoints.org/ai2-llm/stego32-highlr-filter3/step524000/
stage1_pretraining,525000,4404019200000,https://olmo-checkpoints.org/ai2-llm/stego32-highlr-filter3/step525000/
stage1_pretraining,526000,4412407808000,https://olmo-checkpoints.org/ai2-llm/stego32-highlr-filter3/step526000/
stage1_pretraining,527000,4420796416000,https://olmo-checkpoints.org/ai2-llm/stego32-highlr-filter3/step527000/
stage1_pretraining,528000,4429185024000,https://olmo-checkpoints.org/ai2-llm/stego32-highlr-filter3/step528000/
stage1_pretraining,529000,4437573632000,https://olmo-checkpoints.org/ai2-llm/stego32-highlr-filter3/step529000/
stage1_pretraining,530000,4445962240000,https://olmo-checkpoints.org/ai2-llm/stego32-highlr-filter3/step530000/
stage1_pretraining,531000,4454350848000,https://olmo-checkpoints.org/ai2-llm/stego32-highlr-filter3/step531000/
stage1_pretraining,532000,4462739456000,https://olmo-checkpoints.org/ai2-llm/stego32-highlr-filter3/step532000/
stage1_pretraining,533000,4471128064000,https://olmo-checkpoints.org/ai2-llm/stego32-highlr-filter3/step533000/
stage1_pretraining,534000,4479516672000,https://olmo-checkpoints.org/ai2-llm/stego32-highlr-filter3/step534000/
stage1_pretraining,535000,4487905280000,https://olmo-checkpoints.org/ai2-llm/stego32-highlr-filter3/step535000/
stage1_pretraining,536000,4496293888000,https://olmo-checkpoints.org/ai2-llm/stego32-highlr-filter3/step536000/
stage1_pretraining,537000,4504682496000,https://olmo-checkpoints.org/ai2-llm/stego32-highlr-filter3/step537000/
stage1_pretraining,538000,4513071104000,https://olmo-checkpoints.org/ai2-llm/stego32-highlr-filter3/step538000/
stage1_pretraining,539000,4521459712000,https://olmo-checkpoints.org/ai2-llm/stego32-highlr-filter3/step539000/
stage1_pretraining,540000,4529848320000,https://olmo-checkpoints.org/ai2-llm/stego32-highlr-filter3/step540000/
stage1_pretraining,541000,4538236928000,https://olmo-checkpoints.org/ai2-llm/stego32-highlr-filter3/step541000/
stage1_pretraining,542000,4546625536000,https://olmo-checkpoints.org/ai2-llm/stego32-highlr-filter3/step542000/
stage1_pretraining,543000,4555014144000,https://olmo-checkpoints.org/ai2-llm/stego32-highlr-filter3/step543000/
stage1_pretraining,544000,4563402752000,https://olmo-checkpoints.org/ai2-llm/stego32-highlr-filter3/step544000/
stage1_pretraining,545000,4571791360000,https://olmo-checkpoints.org/ai2-llm/stego32-highlr-filter3/step545000/
stage1_pretraining,546000,4580179968000,https://olmo-checkpoints.org/ai2-llm/stego32-highlr-filter3/step546000/
stage1_pretraining,547000,4588568576000,https://olmo-checkpoints.org/ai2-llm/stego32-highlr-filter3/step547000/
stage1_pretraining,548000,4596957184000,https://olmo-checkpoints.org/ai2-llm/stego32-highlr-filter3/step548000/
stage1_pretraining,549000,4605345792000,https://olmo-checkpoints.org/ai2-llm/stego32-highlr-filter3/step549000/
stage1_pretraining,550000,4613734400000,https://olmo-checkpoints.org/ai2-llm/stego32-highlr-filter3/step550000/
stage1_pretraining,551000,4622123008000,https://olmo-checkpoints.org/ai2-llm/stego32-highlr-filter3/step551000/
stage1_pretraining,552000,4630511616000,https://olmo-checkpoints.org/ai2-llm/stego32-highlr-filter3/step552000/
stage1_pretraining,553000,4638900224000,https://olmo-checkpoints.org/ai2-llm/stego32-highlr-filter3/step553000/
stage1_pretraining,554000,4647288832000,https://olmo-checkpoints.org/ai2-llm/stego32-highlr-filter3/step554000/
stage1_pretraining,555000,4655677440000,https://olmo-checkpoints.org/ai2-llm/stego32-highlr-filter3/step555000/
stage1_pretraining,556000,4664066048000,https://olmo-checkpoints.org/ai2-llm/stego32-highlr-filter3/step556000/
stage1_pretraining,557000,4672454656000,https://olmo-checkpoints.org/ai2-llm/stego32-highlr-filter3/step557000/
stage1_pretraining,558000,4680843264000,https://olmo-checkpoints.org/ai2-llm/stego32-highlr-filter3/step558000/
stage1_pretraining,559000,4689231872000,https://olmo-checkpoints.org/ai2-llm/stego32-highlr-filter3/step559000/
stage1_pretraining,560000,4697620480000,https://olmo-checkpoints.org/ai2-llm/stego32-highlr-filter3/step560000/
stage1_pretraining,561000,4706009088000,https://olmo-checkpoints.org/ai2-llm/stego32-highlr-filter3/step561000/
stage1_pretraining,562000,4714397696000,https://olmo-checkpoints.org/ai2-llm/stego32-highlr-filter3/step562000/
stage1_pretraining,563000,4722786304000,https://olmo-checkpoints.org/ai2-llm/stego32-highlr-filter3/step563000/
stage1_pretraining,564000,4731174912000,https://olmo-checkpoints.org/ai2-llm/stego32-highlr-filter3/step564000/
stage1_pretraining,565000,4739563520000,https://olmo-checkpoints.org/ai2-llm/stego32-highlr-filter3/step565000/
stage1_pretraining,566000,4747952128000,https://olmo-checkpoints.org/ai2-llm/stego32-highlr-filter3/step566000/
stage1_pretraining,567000,4756340736000,https://olmo-checkpoints.org/ai2-llm/stego32-highlr-filter3/step567000/
stage1_pretraining,568000,4764729344000,https://olmo-checkpoints.org/ai2-llm/stego32-highlr-filter3/step568000/
stage1_pretraining,569000,4773117952000,https://olmo-checkpoints.org/ai2-llm/stego32-highlr-filter3/step569000/
stage1_pretraining,570000,4781506560000,https://olmo-checkpoints.org/ai2-llm/stego32-highlr-filter3/step570000/
stage1_pretraining,571000,4789895168000,https://olmo-checkpoints.org/ai2-llm/stego32-highlr-filter3/step571000/
stage1_pretraining,572000,4798283776000,https://olmo-checkpoints.org/ai2-llm/stego32-highlr-filter3/step572000/
stage1_pretraining,573000,4806672384000,https://olmo-checkpoints.org/ai2-llm/stego32-highlr-filter3/step573000/
stage1_pretraining,574000,4815060992000,https://olmo-checkpoints.org/ai2-llm/stego32-highlr-filter3/step574000/
stage1_pretraining,575000,4823449600000,https://olmo-checkpoints.org/ai2-llm/stego32-highlr-filter3/step575000/
stage1_pretraining,576000,4831838208000,https://olmo-checkpoints.org/ai2-llm/stego32-highlr-filter3/step576000/
stage1_pretraining,577000,4840226816000,https://olmo-checkpoints.org/ai2-llm/stego32-highlr-filter3/step577000/
stage1_pretraining,578000,4848615424000,https://olmo-checkpoints.org/ai2-llm/stego32-highlr-filter3/step578000/
stage1_pretraining,579000,4857004032000,https://olmo-checkpoints.org/ai2-llm/stego32-highlr-filter3/step579000/
stage1_pretraining,580000,4865392640000,https://olmo-checkpoints.org/ai2-llm/stego32-highlr-filter3/step580000/
stage1_pretraining,581000,4873781248000,https://olmo-checkpoints.org/ai2-llm/stego32-highlr-filter3/step581000/
stage1_pretraining,582000,4882169856000,https://olmo-checkpoints.org/ai2-llm/stego32-highlr-filter3/step582000/
stage1_pretraining,583000,4890558464000,https://olmo-checkpoints.org/ai2-llm/stego32-highlr-filter3/step583000/
stage1_pretraining,584000,4898947072000,https://olmo-checkpoints.org/ai2-llm/stego32-highlr-filter3/step584000/
stage1_pretraining,585000,4907335680000,https://olmo-checkpoints.org/ai2-llm/stego32-highlr-filter3/step585000/
stage1_pretraining,586000,4915724288000,https://olmo-checkpoints.org/ai2-llm/stego32-highlr-filter3/step586000/
stage1_pretraining,587000,4924112896000,https://olmo-checkpoints.org/ai2-llm/stego32-highlr-filter3/step587000/
stage1_pretraining,588000,4932501504000,https://olmo-checkpoints.org/ai2-llm/stego32-highlr-filter3/step588000/
stage1_pretraining,589000,4940890112000,https://olmo-checkpoints.org/ai2-llm/stego32-highlr-filter3/step589000/
stage1_pretraining,590000,4949278720000,https://olmo-checkpoints.org/ai2-llm/stego32-highlr-filter3/step590000/
stage1_pretraining,591000,4957667328000,https://olmo-checkpoints.org/ai2-llm/stego32-highlr-filter3/step591000/
stage1_pretraining,592000,4966055936000,https://olmo-checkpoints.org/ai2-llm/stego32-highlr-filter3/step592000/
stage1_pretraining,593000,4974444544000,https://olmo-checkpoints.org/ai2-llm/stego32-highlr-filter3/step593000/
stage1_pretraining,594000,4982833152000,https://olmo-checkpoints.org/ai2-llm/stego32-highlr-filter3/step594000/
stage1_pretraining,595000,4991221760000,https://olmo-checkpoints.org/ai2-llm/stego32-highlr-filter3/step595000/
stage1_pretraining,596000,4999610368000,https://olmo-checkpoints.org/ai2-llm/stego32-highlr-filter3/step596000/
stage1_pretraining,597000,5007998976000,https://olmo-checkpoints.org/ai2-llm/stego32-highlr-filter3/step597000/
stage1_pretraining,598000,5016387584000,https://olmo-checkpoints.org/ai2-llm/stego32-highlr-filter3/step598000/
stage1_pretraining,599000,5024776192000,https://olmo-checkpoints.org/ai2-llm/stego32-highlr-filter3/step599000/
stage1_pretraining,600000,5033164800000,https://olmo-checkpoints.org/ai2-llm/stego32-highlr-filter3/step600000/
stage1_pretraining,601000,5041553408000,https://olmo-checkpoints.org/ai2-llm/stego32-highlr-filter3/step601000/
stage1_pretraining,602000,5049942016000,https://olmo-checkpoints.org/ai2-llm/stego32-highlr-filter3/step602000/
stage1_pretraining,603000,5058330624000,https://olmo-checkpoints.org/ai2-llm/stego32-highlr-filter3/step603000/
stage1_pretraining,604000,5066719232000,https://olmo-checkpoints.org/ai2-llm/stego32-highlr-filter3/step604000/
stage1_pretraining,605000,5075107840000,https://olmo-checkpoints.org/ai2-llm/stego32-highlr-filter3/step605000/
stage1_pretraining,606000,5083496448000,https://olmo-checkpoints.org/ai2-llm/stego32-highlr-filter3/step606000/
stage1_pretraining,607000,5091885056000,https://olmo-checkpoints.org/ai2-llm/stego32-highlr-filter3/step607000/
stage1_pretraining,608000,5100273664000,https://olmo-checkpoints.org/ai2-llm/stego32-highlr-filter3/step608000/
stage1_pretraining,609000,5108662272000,https://olmo-checkpoints.org/ai2-llm/stego32-highlr-filter3/step609000/
stage1_pretraining,610000,5117050880000,https://olmo-checkpoints.org/ai2-llm/stego32-highlr-filter3/step610000/
stage1_pretraining,611000,5125439488000,https://olmo-checkpoints.org/ai2-llm/stego32-highlr-filter3/step611000/
stage1_pretraining,612000,5133828096000,https://olmo-checkpoints.org/ai2-llm/stego32-highlr-filter3/step612000/
stage1_pretraining,613000,5142216704000,https://olmo-checkpoints.org/ai2-llm/stego32-highlr-filter3/step613000/
stage1_pretraining,614000,5150605312000,https://olmo-checkpoints.org/ai2-llm/stego32-highlr-filter3/step614000/
stage1_pretraining,615000,5158993920000,https://olmo-checkpoints.org/ai2-llm/stego32-highlr-filter3/step615000/
stage1_pretraining,616000,5167382528000,https://olmo-checkpoints.org/ai2-llm/stego32-highlr-filter3/step616000/
stage1_pretraining,617000,5175771136000,https://olmo-checkpoints.org/ai2-llm/stego32-highlr-filter3/step617000/
stage1_pretraining,618000,5184159744000,https://olmo-checkpoints.org/ai2-llm/stego32-highlr-filter3/step618000/
stage1_pretraining,619000,5192548352000,https://olmo-checkpoints.org/ai2-llm/stego32-highlr-filter3/step619000/
stage1_pretraining,620000,5200936960000,https://olmo-checkpoints.org/ai2-llm/stego32-highlr-filter3/step620000/
stage1_pretraining,621000,5209325568000,https://olmo-checkpoints.org/ai2-llm/stego32-highlr-filter3/step621000/
stage1_pretraining,622000,5217714176000,https://olmo-checkpoints.org/ai2-llm/stego32-highlr-filter3/step622000/
stage1_pretraining,623000,5226102784000,https://olmo-checkpoints.org/ai2-llm/stego32-highlr-filter3/step623000/
stage1_pretraining,624000,5234491392000,https://olmo-checkpoints.org/ai2-llm/stego32-highlr-filter3/step624000/
stage1_pretraining,625000,5242880000000,https://olmo-checkpoints.org/ai2-llm/stego32-highlr-filter3/step625000/
stage1_pretraining,626000,5251268608000,https://olmo-checkpoints.org/ai2-llm/stego32-highlr-filter3/step626000/
stage1_pretraining,627000,5259657216000,https://olmo-checkpoints.org/ai2-llm/stego32-highlr-filter3/step627000/
stage1_pretraining,628000,5268045824000,https://olmo-checkpoints.org/ai2-llm/stego32-highlr-filter3/step628000/
stage1_pretraining,629000,5276434432000,https://olmo-checkpoints.org/ai2-llm/stego32-highlr-filter3/step629000/
stage1_pretraining,630000,5284823040000,https://olmo-checkpoints.org/ai2-llm/stego32-highlr-filter3/step630000/
stage1_pretraining,631000,5293211648000,https://olmo-checkpoints.org/ai2-llm/stego32-highlr-filter3/step631000/
stage1_pretraining,632000,5301600256000,https://olmo-checkpoints.org/ai2-llm/stego32-highlr-filter3/step632000/
stage1_pretraining,633000,5309988864000,https://olmo-checkpoints.org/ai2-llm/stego32-highlr-filter3/step633000/
stage1_pretraining,634000,5318377472000,https://olmo-checkpoints.org/ai2-llm/stego32-highlr-filter3/step634000/
stage1_pretraining,635000,5326766080000,https://olmo-checkpoints.org/ai2-llm/stego32-highlr-filter3/step635000/
stage1_pretraining,636000,5335154688000,https://olmo-checkpoints.org/ai2-llm/stego32-highlr-filter3/step636000/
stage1_pretraining,637000,5343543296000,https://olmo-checkpoints.org/ai2-llm/stego32-highlr-filter3/step637000/
stage1_pretraining,638000,5351931904000,https://olmo-checkpoints.org/ai2-llm/stego32-highlr-filter3/step638000/
stage1_pretraining,639000,5360320512000,https://olmo-checkpoints.org/ai2-llm/stego32-highlr-filter3/step639000/
stage1_pretraining,640000,5368709120000,https://olmo-checkpoints.org/ai2-llm/stego32-highlr-filter3/step640000/
stage1_pretraining,641000,5377097728000,https://olmo-checkpoints.org/ai2-llm/stego32-highlr-filter3/step641000/
stage1_pretraining,642000,5385486336000,https://olmo-checkpoints.org/ai2-llm/stego32-highlr-filter3/step642000/
stage1_pretraining,643000,5393874944000,https://olmo-checkpoints.org/ai2-llm/stego32-highlr-filter3/step643000/
stage1_pretraining,644000,5402263552000,https://olmo-checkpoints.org/ai2-llm/stego32-highlr-filter3/step644000/
stage1_pretraining,645000,5410652160000,https://olmo-checkpoints.org/ai2-llm/stego32-highlr-filter3/step645000/
stage1_pretraining,646000,5419040768000,https://olmo-checkpoints.org/ai2-llm/stego32-highlr-filter3/step646000/
stage1_pretraining,647000,5427429376000,https://olmo-checkpoints.org/ai2-llm/stego32-highlr-filter3/step647000/
stage1_pretraining,648000,5435817984000,https://olmo-checkpoints.org/ai2-llm/stego32-highlr-filter3/step648000/
stage1_pretraining,649000,5444206592000,https://olmo-checkpoints.org/ai2-llm/stego32-highlr-filter3/step649000/
stage1_pretraining,650000,5452595200000,https://olmo-checkpoints.org/ai2-llm/stego32-highlr-filter3/step650000/
stage1_pretraining,651000,5460983808000,https://olmo-checkpoints.org/ai2-llm/stego32-highlr-filter3/step651000/
stage1_pretraining,652000,5469372416000,https://olmo-checkpoints.org/ai2-llm/stego32-highlr-filter3/step652000/
stage1_pretraining,653000,5477761024000,https://olmo-checkpoints.org/ai2-llm/stego32-highlr-filter3/step653000/
stage1_pretraining,654000,5486149632000,https://olmo-checkpoints.org/ai2-llm/stego32-highlr-filter3/step654000/
stage1_pretraining,655000,5494538240000,https://olmo-checkpoints.org/ai2-llm/stego32-highlr-filter3/step655000/
stage1_pretraining,656000,5502926848000,https://olmo-checkpoints.org/ai2-llm/stego32-highlr-filter3/step656000/
stage1_pretraining,657000,5511315456000,https://olmo-checkpoints.org/ai2-llm/stego32-highlr-filter3/step657000/
stage1_pretraining,658000,5519704064000,https://olmo-checkpoints.org/ai2-llm/stego32-highlr-filter3/step658000/
stage1_pretraining,659000,5528092672000,https://olmo-checkpoints.org/ai2-llm/stego32-highlr-filter3/step659000/
stage1_pretraining,660000,5536481280000,https://olmo-checkpoints.org/ai2-llm/stego32-highlr-filter3/step660000/
stage1_pretraining,661000,5544869888000,https://olmo-checkpoints.org/ai2-llm/stego32-highlr-filter3/step661000/
stage1_pretraining,662000,5553258496000,https://olmo-checkpoints.org/ai2-llm/stego32-highlr-filter3/step662000/
stage1_pretraining,663000,5561647104000,https://olmo-checkpoints.org/ai2-llm/stego32-highlr-filter3/step663000/
stage1_pretraining,664000,5570035712000,https://olmo-checkpoints.org/ai2-llm/stego32-highlr-filter3/step664000/
stage1_pretraining,665000,5578424320000,https://olmo-checkpoints.org/ai2-llm/stego32-highlr-filter3/step665000/
stage1_pretraining,666000,5586812928000,https://olmo-checkpoints.org/ai2-llm/stego32-highlr-filter3/step666000/
stage1_pretraining,667000,5595201536000,https://olmo-checkpoints.org/ai2-llm/stego32-highlr-filter3/step667000/
stage1_pretraining,668000,5603590144000,https://olmo-checkpoints.org/ai2-llm/stego32-highlr-filter3/step668000/
stage1_pretraining,669000,5611978752000,https://olmo-checkpoints.org/ai2-llm/stego32-highlr-filter3/step669000/
stage1_pretraining,670000,5620367360000,https://olmo-checkpoints.org/ai2-llm/stego32-highlr-filter3/step670000/
stage1_pretraining,671000,5628755968000,https://olmo-checkpoints.org/ai2-llm/stego32-highlr-filter3/step671000/
stage1_pretraining,672000,5637144576000,https://olmo-checkpoints.org/ai2-llm/stego32-highlr-filter3/step672000/
stage1_pretraining,673000,5645533184000,https://olmo-checkpoints.org/ai2-llm/stego32-highlr-filter3/step673000/
stage1_pretraining,674000,5653921792000,https://olmo-checkpoints.org/ai2-llm/stego32-highlr-filter3/step674000/
stage1_pretraining,675000,5662310400000,https://olmo-checkpoints.org/ai2-llm/stego32-highlr-filter3/step675000/
stage1_pretraining,676000,5670699008000,https://olmo-checkpoints.org/ai2-llm/stego32-highlr-filter3/step676000/
stage1_pretraining,677000,5679087616000,https://olmo-checkpoints.org/ai2-llm/stego32-highlr-filter3/step677000/
stage1_pretraining,678000,5687476224000,https://olmo-checkpoints.org/ai2-llm/stego32-highlr-filter3/step678000/
stage1_pretraining,679000,5695864832000,https://olmo-checkpoints.org/ai2-llm/stego32-highlr-filter3/step679000/
stage2_midtraining_ingredient1,1000,5695864832000,https://olmo-checkpoints.org/ai2-llm/stego32-highlr-filter3/stage2/ingredient1/step1000/
stage2_midtraining_ingredient1,2000,5700059136000,https://olmo-checkpoints.org/ai2-llm/stego32-highlr-filter3/stage2/ingredient1/step2000/
stage2_midtraining_ingredient1,3000,5704253440000,https://olmo-checkpoints.org/ai2-llm/stego32-highlr-filter3/stage2/ingredient1/step3000/
stage2_midtraining_ingredient1,4000,5708447744000,https://olmo-checkpoints.org/ai2-llm/stego32-highlr-filter3/stage2/ingredient1/step4000/
stage2_midtraining_ingredient1,5000,5712642048000,https://olmo-checkpoints.org/ai2-llm/stego32-highlr-filter3/stage2/ingredient1/step5000/
stage2_midtraining_ingredient1,6000,5716836352000,https://olmo-checkpoints.org/ai2-llm/stego32-highlr-filter3/stage2/ingredient1/step6000/
stage2_midtraining_ingredient1,7000,5721030656000,https://olmo-checkpoints.org/ai2-llm/stego32-highlr-filter3/stage2/ingredient1/step7000/
stage2_midtraining_ingredient1,8000,5725224960000,https://olmo-checkpoints.org/ai2-llm/stego32-highlr-filter3/stage2/ingredient1/step8000/
stage2_midtraining_ingredient1,9000,5729419264000,https://olmo-checkpoints.org/ai2-llm/stego32-highlr-filter3/stage2/ingredient1/step9000/
stage2_midtraining_ingredient1,10000,5733613568000,https://olmo-checkpoints.org/ai2-llm/stego32-highlr-filter3/stage2/ingredient1/step10000/
stage2_midtraining_ingredient1,11000,5737807872000,https://olmo-checkpoints.org/ai2-llm/stego32-highlr-filter3/stage2/ingredient1/step11000/
stage2_midtraining_ingredient1,12000,5742002176000,https://olmo-checkpoints.org/ai2-llm/stego32-highlr-filter3/stage2/ingredient1/step12000/
stage2_midtraining_ingredient1,13000,5746196480000,https://olmo-checkpoints.org/ai2-llm/stego32-highlr-filter3/stage2/ingredient1/step13000/
stage2_midtraining_ingredient1,14000,5750390784000,https://olmo-checkpoints.org/ai2-llm/stego32-highlr-filter3/stage2/ingredient1/step14000/
stage2_midtraining_ingredient1,15000,5754585088000,https://olmo-checkpoints.org/ai2-llm/stego32-highlr-filter3/stage2/ingredient1/step15000/
stage2_midtraining_ingredient1,16000,5758779392000,https://olmo-checkpoints.org/ai2-llm/stego32-highlr-filter3/stage2/ingredient1/step16000/
stage2_midtraining_ingredient1,17000,5762973696000,https://olmo-checkpoints.org/ai2-llm/stego32-highlr-filter3/stage2/ingredient1/step17000/
stage2_midtraining_ingredient1,18000,5767168000000,https://olmo-checkpoints.org/ai2-llm/stego32-highlr-filter3/stage2/ingredient1/step18000/
stage2_midtraining_ingredient1,19000,5771362304000,https://olmo-checkpoints.org/ai2-llm/stego32-highlr-filter3/stage2/ingredient1/step19000/
stage2_midtraining_ingredient1,20000,5775556608000,https://olmo-checkpoints.org/ai2-llm/stego32-highlr-filter3/stage2/ingredient1/step20000/
stage2_midtraining_ingredient1,21000,5779750912000,https://olmo-checkpoints.org/ai2-llm/stego32-highlr-filter3/stage2/ingredient1/step21000/
stage2_midtraining_ingredient1,22000,5783945216000,https://olmo-checkpoints.org/ai2-llm/stego32-highlr-filter3/stage2/ingredient1/step22000/
stage2_midtraining_ingredient1,23000,5788139520000,https://olmo-checkpoints.org/ai2-llm/stego32-highlr-filter3/stage2/ingredient1/step23000/
stage2_midtraining_ingredient1,23842,5791671123968,https://olmo-checkpoints.org/ai2-llm/stego32-highlr-filter3/stage2/ingredient1/step23842/
stage2_midtraining_ingredient2,1000,5695864832000,https://olmo-checkpoints.org/ai2-llm/stego32-highlr-filter3/stage2/ingredient2/step1000/
stage2_midtraining_ingredient2,2000,5700059136000,https://olmo-checkpoints.org/ai2-llm/stego32-highlr-filter3/stage2/ingredient2/step2000/
stage2_midtraining_ingredient2,3000,5704253440000,https://olmo-checkpoints.org/ai2-llm/stego32-highlr-filter3/stage2/ingredient2/step3000/
stage2_midtraining_ingredient2,4000,5708447744000,https://olmo-checkpoints.org/ai2-llm/stego32-highlr-filter3/stage2/ingredient2/step4000/
stage2_midtraining_ingredient2,5000,5712642048000,https://olmo-checkpoints.org/ai2-llm/stego32-highlr-filter3/stage2/ingredient2/step5000/
stage2_midtraining_ingredient2,6000,5716836352000,https://olmo-checkpoints.org/ai2-llm/stego32-highlr-filter3/stage2/ingredient2/step6000/
stage2_midtraining_ingredient2,7000,5721030656000,https://olmo-checkpoints.org/ai2-llm/stego32-highlr-filter3/stage2/ingredient2/step7000/
stage2_midtraining_ingredient2,8000,5725224960000,https://olmo-checkpoints.org/ai2-llm/stego32-highlr-filter3/stage2/ingredient2/step8000/
stage2_midtraining_ingredient2,9000,5729419264000,https://olmo-checkpoints.org/ai2-llm/stego32-highlr-filter3/stage2/ingredient2/step9000/
stage2_midtraining_ingredient2,10000,5733613568000,https://olmo-checkpoints.org/ai2-llm/stego32-highlr-filter3/stage2/ingredient2/step10000/
stage2_midtraining_ingredient2,11000,5737807872000,https://olmo-checkpoints.org/ai2-llm/stego32-highlr-filter3/stage2/ingredient2/step11000/
stage2_midtraining_ingredient2,12000,5742002176000,https://olmo-checkpoints.org/ai2-llm/stego32-highlr-filter3/stage2/ingredient2/step12000/
stage2_midtraining_ingredient2,13000,5746196480000,https://olmo-checkpoints.org/ai2-llm/stego32-highlr-filter3/stage2/ingredient2/step13000/
stage2_midtraining_ingredient2,14000,5750390784000,https://olmo-checkpoints.org/ai2-llm/stego32-highlr-filter3/stage2/ingredient2/step14000/
stage2_midtraining_ingredient2,15000,5754585088000,https://olmo-checkpoints.org/ai2-llm/stego32-highlr-filter3/stage2/ingredient2/step15000/
stage2_midtraining_ingredient2,16000,5758779392000,https://olmo-checkpoints.org/ai2-llm/stego32-highlr-filter3/stage2/ingredient2/step16000/
stage2_midtraining_ingredient2,17000,5762973696000,https://olmo-checkpoints.org/ai2-llm/stego32-highlr-filter3/stage2/ingredient2/step17000/
stage2_midtraining_ingredient2,18000,5767168000000,https://olmo-checkpoints.org/ai2-llm/stego32-highlr-filter3/stage2/ingredient2/step18000/
stage2_midtraining_ingredient2,19000,5771362304000,https://olmo-checkpoints.org/ai2-llm/stego32-highlr-filter3/stage2/ingredient2/step19000/
stage2_midtraining_ingredient2,20000,5775556608000,https://olmo-checkpoints.org/ai2-llm/stego32-highlr-filter3/stage2/ingredient2/step20000/
stage2_midtraining_ingredient2,21000,5779750912000,https://olmo-checkpoints.org/ai2-llm/stego32-highlr-filter3/stage2/ingredient2/step21000/
stage2_midtraining_ingredient2,22000,5783945216000,https://olmo-checkpoints.org/ai2-llm/stego32-highlr-filter3/stage2/ingredient2/step22000/
stage2_midtraining_ingredient2,23000,5788139520000,https://olmo-checkpoints.org/ai2-llm/stego32-highlr-filter3/stage2/ingredient2/step23000/
stage2_midtraining_ingredient2,23842,5791671123968,https://olmo-checkpoints.org/ai2-llm/stego32-highlr-filter3/stage2/ingredient2/step23842/
stage2_midtraining_souped,23842,5887477415936,https://olmo-checkpoints.org/ai2-llm/stego32-highlr-filter3/stage2/souped/stage2-ingredient1+2-step23842/
stage3_longcontext,1000,5887477415936,https://olmo-checkpoints.org/ai2-llm/stego32-highlr-filter3/stage3/step1000/
stage3_longcontext,2000,5895866023936,https://olmo-checkpoints.org/ai2-llm/stego32-highlr-filter3/stage3/step2000/
stage3_longcontext,3000,5904254631936,https://olmo-checkpoints.org/ai2-llm/stego32-highlr-filter3/stage3/step3000/
stage3_longcontext,4000,5912643239936,https://olmo-checkpoints.org/ai2-llm/stego32-highlr-filter3/stage3/step4000/
stage3_longcontext,5000,5921031847936,https://olmo-checkpoints.org/ai2-llm/stego32-highlr-filter3/stage3/step5000/
stage3_longcontext,6000,5929420455936,https://olmo-checkpoints.org/ai2-llm/stego32-highlr-filter3/stage3/step6000/
stage3_longcontext,7000,5937809063936,https://olmo-checkpoints.org/ai2-llm/stego32-highlr-filter3/stage3/step7000/
stage3_longcontext,8000,5946197671936,https://olmo-checkpoints.org/ai2-llm/stego32-highlr-filter3/stage3/step8000/
stage3_longcontext,9000,5954586279936,https://olmo-checkpoints.org/ai2-llm/stego32-highlr-filter3/stage3/step9000/
stage3_longcontext,10000,5962974887936,https://olmo-checkpoints.org/ai2-llm/stego32-highlr-filter3/stage3/step10000/
stage3_longcontext,11000,5971363495936,https://olmo-checkpoints.org/ai2-llm/stego32-highlr-filter3/stage3/step11000/
stage3_longcontext,11921,5979089403904,https://olmo-checkpoints.org/ai2-llm/stego32-highlr-filter3/stage3/step11921/
stage3_longcontext_souped,11921,5979089403904,https://olmo-checkpoints.org/ai2-llm/stego32-highlr-filter3/stage3/step11921+11000+10000-nooptim-reshard32/
